"Building consents by territorial authority (Monthly)","","","","","","","","","","","","","","","","","","","","","","","","","","","","","","","","","","","","","","","","","","","","","","","","","","","","","","","","","","","","","","","","","","","","","","","","","","","","","","","","","","","","","","","","","","","","","","","","","","","","","","","","","","","","","","","","","","","","","","","","","","","","","","","","","","","","","","","","","","","","","","","","","","","","","","","","","","","","","","","","","","","","","","","","","","","","","","","","","","","","","","","","","","","","","","","","","","","","","","","","","","","","","","",""
"","New Zealand","","","Far North District","","","Whangarei District","","","Kaipara District","","","Thames-Coromandel District","","","Hauraki District","","","Waikato District","","","Matamata-Piako District","","","Hamilton City","","","Waipa District","","","Otorohanga District","","","South Waikato District","","","Waitomo District","","","Taupo District","","","Western Bay of Plenty District","","","Tauranga City","","","Rotorua District","","","Whakatane District","","","Kawerau District","","","Opotiki District","","","Gisborne District","","","Wairoa District","","","Hastings District","","","Napier City","","","Central Hawke's Bay District","","","New Plymouth District","","","Stratford District","","","South Taranaki District","","","Ruapehu District","","","Whanganui District","","","Rangitikei District","","","Manawatu District","","","Palmerston North City","","","Tararua District","","","Horowhenua District","","","Kapiti Coast District","","","Porirua City","","","Upper Hutt City","","","Lower Hutt City","","","Wellington City","","","Masterton District","","","Carterton District","","","South Wairarapa District","","","Tasman District","","","Nelson City","","","Marlborough District","","","Kaikoura District","","","Buller District","","","Grey District","","","Westland District","","","Hurunui District","","","Waimakariri District","","","Christchurch City","","","Selwyn District","","","Ashburton District","","","Timaru District","","","Mackenzie District","","","Waimate District","","","Chatham Islands Territory","","","Waitaki District","","","Central Otago District","","","Queenstown-Lakes District","","","Dunedin City","","","Clutha District","","","Southland District","","","Gore District","","","Invercargill City","","","Auckland","","","Area Outside Territorial Authority","",""
" ","Dwelling units","Houses","Apartments, townhouses, units, and other dwellings","Dwelling units","Houses","Apartments, townhouses, units, and other dwellings","Dwelling units","Houses","Apartments, townhouses, units, and other dwellings","Dwelling units","Houses","Apartments, townhouses, units, and other dwellings","Dwelling units","Houses","Apartments, townhouses, units, and other dwellings","Dwelling units","Houses","Apartments, townhouses, units, and other dwellings","Dwelling units","Houses","Apartments, townhouses, units, and other dwellings","Dwelling units","Houses","Apartments, townhouses, units, and other dwellings","Dwelling units","Houses","Apartments, townhouses, units, and other dwellings","Dwelling units","Houses","Apartments, townhouses, units, and other dwellings","Dwelling units","Houses","Apartments, townhouses, units, and other dwellings","Dwelling units","Houses","Apartments, townhouses, units, and other dwellings","Dwelling units","Houses","Apartments, townhouses, units, and other dwellings","Dwelling units","Houses","Apartments, townhouses, units, and other dwellings","Dwelling units","Houses","Apartments, townhouses, units, and other dwellings","Dwelling units","Houses","Apartments, townhouses, units, and other dwellings","Dwelling units","Houses","Apartments, townhouses, units, and other dwellings","Dwelling units","Houses","Apartments, townhouses, units, and other dwellings","Dwelling units","Houses","Apartments, townhouses, units, and other dwellings","Dwelling units","Houses","Apartments, townhouses, units, and other dwellings","Dwelling units","Houses","Apartments, townhouses, units, and other dwellings","Dwelling units","Houses","Apartments, townhouses, units, and other dwellings","Dwelling units","Houses","Apartments, townhouses, units, and other dwellings","Dwelling units","Houses","Apartments, townhouses, units, and other dwellings","Dwelling units","Houses","Apartments, townhouses, units, and other dwellings","Dwelling units","Houses","Apartments, townhouses, units, and other dwellings","Dwelling units","Houses","Apartments, townhouses, units, and other dwellings","Dwelling units","Houses","Apartments, townhouses, units, and other dwellings","Dwelling units","Houses","Apartments, townhouses, units, and other dwellings","Dwelling units","Houses","Apartments, townhouses, units, and other dwellings","Dwelling units","Houses","Apartments, townhouses, units, and other dwellings","Dwelling units","Houses","Apartments, townhouses, units, and other dwellings","Dwelling units","Houses","Apartments, townhouses, units, and other dwellings","Dwelling units","Houses","Apartments, townhouses, units, and other dwellings","Dwelling units","Houses","Apartments, townhouses, units, and other dwellings","Dwelling units","Houses","Apartments, townhouses, units, and other dwellings","Dwelling units","Houses","Apartments, townhouses, units, and other dwellings","Dwelling units","Houses","Apartments, townhouses, units, and other dwellings","Dwelling units","Houses","Apartments, townhouses, units, and other dwellings","Dwelling units","Houses","Apartments, townhouses, units, and other dwellings","Dwelling units","Houses","Apartments, townhouses, units, and other dwellings","Dwelling units","Houses","Apartments, townhouses, units, and other dwellings","Dwelling units","Houses","Apartments, townhouses, units, and other dwellings","Dwelling units","Houses","Apartments, townhouses, units, and other dwellings","Dwelling units","Houses","Apartments, townhouses, units, and other dwellings","Dwelling units","Houses","Apartments, townhouses, units, and other dwellings","Dwelling units","Houses","Apartments, townhouses, units, and other dwellings","Dwelling units","Houses","Apartments, townhouses, units, and other dwellings","Dwelling units","Houses","Apartments, townhouses, units, and other dwellings","Dwelling units","Houses","Apartments, townhouses, units, and other dwellings","Dwelling units","Houses","Apartments, townhouses, units, and other dwellings","Dwelling units","Houses","Apartments, townhouses, units, and other dwellings","Dwelling units","Houses","Apartments, townhouses, units, and other dwellings","Dwelling units","Houses","Apartments, townhouses, units, and other dwellings","Dwelling units","Houses","Apartments, townhouses, units, and other dwellings","Dwelling units","Houses","Apartments, townhouses, units, and other dwellings","Dwelling units","Houses","Apartments, townhouses, units, and other dwellings","Dwelling units","Houses","Apartments, townhouses, units, and other dwellings","Dwelling units","Houses","Apartments, townhouses, units, and other dwellings","Dwelling units","Houses","Apartments, townhouses, units, and other dwellings","Dwelling units","Houses","Apartments, townhouses, units, and other dwellings","Dwelling units","Houses","Apartments, townhouses, units, and other dwellings","Dwelling units","Houses","Apartments, townhouses, units, and other dwellings","Dwelling units","Houses","Apartments, townhouses, units, and other dwellings","Dwelling units","Houses","Apartments, townhouses, units, and other dwellings","Dwelling units","Houses","Apartments, townhouses, units, and other dwellings","Dwelling units","Houses","Apartments, townhouses, units, and other dwellings","Dwelling units","Houses","Apartments, townhouses, units, and other dwellings","Dwelling units","Houses","Apartments, townhouses, units, and other dwellings"
" ","New","New","New","New","New","New","New","New","New","New","New","New","New","New","New","New","New","New","New","New","New","New","New","New","New","New","New","New","New","New","New","New","New","New","New","New","New","New","New","New","New","New","New","New","New","New","New","New","New","New","New","New","New","New","New","New","New","New","New","New","New","New","New","New","New","New","New","New","New","New","New","New","New","New","New","New","New","New","New","New","New","New","New","New","New","New","New","New","New","New","New","New","New","New","New","New","New","New","New","New","New","New","New","New","New","New","New","New","New","New","New","New","New","New","New","New","New","New","New","New","New","New","New","New","New","New","New","New","New","New","New","New","New","New","New","New","New","New","New","New","New","New","New","New","New","New","New","New","New","New","New","New","New","New","New","New","New","New","New","New","New","New","New","New","New","New","New","New","New","New","New","New","New","New","New","New","New","New","New","New","New","New","New","New","New","New","New","New","New","New","New","New","New","New","New","New","New","New","New","New","New","New","New","New","New","New","New"
" ","Number","Number","Number","Number","Number","Number","Number","Number","Number","Number","Number","Number","Number","Number","Number","Number","Number","Number","Number","Number","Number","Number","Number","Number","Number","Number","Number","Number","Number","Number","Number","Number","Number","Number","Number","Number","Number","Number","Number","Number","Number","Number","Number","Number","Number","Number","Number","Number","Number","Number","Number","Number","Number","Number","Number","Number","Number","Number","Number","Number","Number","Number","Number","Number","Number","Number","Number","Number","Number","Number","Number","Number","Number","Number","Number","Number","Number","Number","Number","Number","Number","Number","Number","Number","Number","Number","Number","Number","Number","Number","Number","Number","Number","Number","Number","Number","Number","Number","Number","Number","Number","Number","Number","Number","Number","Number","Number","Number","Number","Number","Number","Number","Number","Number","Number","Number","Number","Number","Number","Number","Number","Number","Number","Number","Number","Number","Number","Number","Number","Number","Number","Number","Number","Number","Number","Number","Number","Number","Number","Number","Number","Number","Number","Number","Number","Number","Number","Number","Number","Number","Number","Number","Number","Number","Number","Number","Number","Number","Number","Number","Number","Number","Number","Number","Number","Number","Number","Number","Number","Number","Number","Number","Number","Number","Number","Number","Number","Number","Number","Number","Number","Number","Number","Number","Number","Number","Number","Number","Number","Number","Number","Number","Number","Number","Number","Number","Number","Number","Number","Number","Number","Number","Number","Number","Number","Number","Number"
"2015M03",2271,1640,631,18,18,0,36,34,2,14,11,3,25,25,0,7,7,0,45,42,3,12,12,0,64,42,22,37,35,2,3,3,0,3,3,0,7,1,6,15,15,0,25,16,9,91,83,8,9,8,1,9,8,1,0,0,0,1,1,0,4,4,0,1,1,0,19,14,5,7,6,1,7,7,0,23,23,0,4,4,0,3,3,0,1,1,0,5,3,2,2,2,0,11,10,1,19,15,4,1,1,0,4,4,0,9,9,0,13,11,2,25,15,10,99,17,82,40,30,10,3,3,0,6,6,0,9,9,0,29,24,5,15,7,8,15,14,1,4,4,0,1,1,0,7,7,0,4,4,0,15,14,1,69,69,0,341,224,117,112,104,8,17,16,1,20,20,0,4,4,0,6,5,1,0,0,0,8,8,0,6,5,1,46,42,4,30,27,3,4,4,0,7,7,0,1,1,0,18,18,0,756,449,307,0,0,0
"2015M04",2112,1365,747,13,13,0,22,21,1,11,11,0,18,18,0,7,7,0,49,44,5,2,2,0,85,42,43,36,24,12,2,2,0,1,1,0,2,1,1,16,15,1,17,16,1,81,79,2,7,6,1,15,6,9,0,0,0,0,0,0,0,0,0,0,0,0,15,15,0,13,13,0,5,5,0,29,21,8,0,0,0,5,5,0,1,1,0,5,4,1,0,0,0,7,7,0,6,6,0,3,3,0,6,6,0,26,11,15,14,14,0,24,12,12,15,10,5,25,17,8,11,3,8,1,1,0,4,4,0,17,17,0,18,12,6,14,14,0,2,2,0,1,0,1,4,4,0,4,4,0,6,6,0,37,35,2,217,147,70,124,123,1,19,18,1,13,11,2,6,6,0,1,1,0,0,0,0,4,4,0,13,13,0,58,55,3,28,25,3,1,1,0,7,7,0,0,0,0,7,7,0,912,387,525,0,0,0
"2015M05",2171,1587,584,16,16,0,34,32,2,11,11,0,16,15,1,4,4,0,42,42,0,11,9,2,127,57,70,29,21,8,0,0,0,5,5,0,1,1,0,17,16,1,28,27,1,105,90,15,5,5,0,6,6,0,0,0,0,3,3,0,4,4,0,0,0,0,20,19,1,8,8,0,3,2,1,43,28,15,1,1,0,3,3,0,2,2,0,6,6,0,1,1,0,15,15,0,16,14,2,0,0,0,3,3,0,18,8,10,14,14,0,16,16,0,48,34,14,40,35,5,3,3,0,6,6,0,5,5,0,31,27,4,9,9,0,27,23,4,1,1,0,2,2,0,5,4,1,2,2,0,11,11,0,65,65,0,341,176,165,94,92,2,21,21,0,12,12,0,2,2,0,1,1,0,0,0,0,3,3,0,14,9,5,87,46,41,39,32,7,3,3,0,6,6,0,0,0,0,9,9,0,651,444,207,0,0,0
"2015M06",2042,1502,540,15,14,1,21,21,0,20,20,0,17,17,0,6,6,0,55,54,1,8,6,2,70,62,8,26,22,4,1,1,0,5,5,0,1,0,1,17,15,2,17,16,1,121,111,10,5,5,0,4,4,0,0,0,0,0,0,0,5,4,1,0,0,0,11,10,1,6,4,2,1,1,0,40,26,14,0,0,0,2,2,0,0,0,0,5,5,0,1,1,0,2,2,0,18,18,0,0,0,0,4,4,0,16,11,5,12,11,1,7,5,2,12,7,5,36,24,12,1,1,0,0,0,0,4,4,0,31,31,0,12,12,0,13,13,0,3,3,0,4,4,0,4,4,0,3,3,0,12,12,0,49,49,0,344,201,143,92,92,0,20,18,2,18,18,0,5,3,2,0,0,0,0,0,0,6,6,0,22,17,5,76,62,14,17,17,0,6,6,0,4,2,2,3,2,1,3,3,0,703,405,298,0,0,0
"2015M07",2824,1799,1025,22,19,3,44,35,9,18,18,0,18,17,1,6,6,0,53,53,0,11,11,0,129,97,32,43,40,3,4,4,0,6,6,0,2,2,0,22,22,0,34,33,1,118,100,18,19,6,13,8,6,2,1,1,0,3,3,0,10,5,5,0,0,0,12,9,3,15,15,0,3,3,0,39,33,6,3,3,0,5,5,0,4,4,0,7,5,2,2,2,0,5,5,0,22,22,0,0,0,0,14,11,3,14,14,0,21,17,4,14,14,0,13,12,1,29,26,3,8,8,0,2,2,0,5,4,1,33,29,4,12,12,0,18,18,0,2,2,0,1,1,0,4,4,0,7,6,1,10,10,0,66,65,1,425,208,217,85,82,3,19,19,0,38,24,14,5,4,1,2,2,0,0,0,0,9,9,0,18,18,0,85,78,7,35,33,2,5,5,0,13,5,8,0,0,0,12,8,4,1112,459,653,0,0,0
"2015M08",2291,1617,674,19,19,0,50,48,2,18,18,0,11,11,0,4,4,0,50,50,0,9,8,1,88,70,18,47,39,8,2,2,0,3,3,0,0,0,0,20,20,0,22,18,4,109,102,7,4,3,1,5,5,0,0,0,0,2,2,0,6,4,2,0,0,0,12,11,1,11,11,0,0,0,0,23,18,5,3,3,0,2,2,0,1,1,0,3,3,0,1,1,0,15,15,0,8,8,0,1,1,0,20,20,0,12,12,0,38,11,27,5,5,0,17,17,0,64,13,51,6,3,3,4,4,0,2,2,0,40,30,10,23,23,0,27,14,13,4,4,0,4,3,1,1,1,0,5,5,0,4,3,1,43,40,3,406,217,189,92,92,0,21,21,0,18,18,0,6,5,1,1,1,0,1,1,0,5,5,0,14,14,0,62,47,15,21,20,1,3,3,0,3,3,0,21,2,19,9,9,0,740,449,291,0,0,0
"2015M09",2242,1781,461,29,20,9,45,44,1,20,20,0,24,23,1,9,9,0,63,62,1,10,10,0,124,89,35,47,43,4,2,2,0,8,8,0,0,0,0,33,21,12,39,30,9,125,112,13,15,14,1,7,7,0,0,0,0,2,2,0,8,6,2,1,1,0,15,15,0,14,12,2,2,2,0,40,36,4,0,0,0,2,2,0,3,3,0,3,3,0,0,0,0,8,8,0,11,11,0,2,2,0,16,16,0,14,14,0,12,10,2,7,7,0,61,13,48,24,20,4,4,4,0,3,3,0,1,1,0,24,24,0,19,7,12,19,18,1,3,3,0,0,0,0,3,3,0,1,1,0,8,8,0,42,42,0,308,213,95,120,120,0,17,17,0,22,16,6,5,5,0,1,1,0,0,0,0,6,6,0,16,16,0,65,42,23,25,21,4,3,3,0,8,8,0,2,2,0,31,8,23,641,492,149,0,0,0
"2015M10",2349,1732,617,18,14,4,49,45,4,16,16,0,20,20,0,6,6,0,51,51,0,13,13,0,90,67,23,49,45,4,5,5,0,7,7,0,0,0,0,17,17,0,39,30,9,155,141,14,8,8,0,3,2,1,0,0,0,2,2,0,9,5,4,0,0,0,14,14,0,19,17,2,2,2,0,69,24,45,0,0,0,4,4,0,1,1,0,9,7,2,1,1,0,10,10,0,25,24,1,3,3,0,9,7,2,18,16,2,11,9,2,4,4,0,11,10,1,69,20,49,4,4,0,2,2,0,7,5,2,23,23,0,10,9,1,13,13,0,0,0,0,0,0,0,3,3,0,3,3,0,8,8,0,69,45,24,259,180,79,116,116,0,13,13,0,17,17,0,6,6,0,1,1,0,1,1,0,1,1,0,19,18,1,96,75,21,19,18,1,1,1,0,8,8,0,3,3,0,6,6,0,805,486,319,0,0,0
"2015M11",2831,1864,967,25,22,3,51,49,2,14,14,0,31,26,5,7,7,0,57,54,3,15,14,1,100,81,19,45,41,4,4,4,0,6,6,0,2,2,0,17,17,0,35,28,7,176,139,37,9,9,0,7,7,0,0,0,0,0,0,0,9,6,3,0,0,0,20,18,2,13,13,0,1,1,0,30,25,5,1,1,0,10,3,7,0,0,0,7,7,0,2,2,0,9,9,0,19,19,0,2,2,0,9,5,4,22,14,8,20,19,1,18,18,0,105,14,91,148,20,128,4,4,0,6,6,0,5,5,0,30,30,0,15,13,2,15,14,1,0,0,0,1,1,0,1,1,0,1,1,0,8,8,0,53,35,18,337,182,155,135,135,0,19,19,0,16,16,0,4,4,0,0,0,0,0,0,0,6,6,0,16,16,0,88,76,12,28,22,6,9,8,1,9,9,0,6,4,2,7,7,0,966,526,440,0,0,0
"2015M12",2538,1661,877,19,19,0,41,38,3,19,19,0,16,14,2,8,8,0,64,61,3,16,15,1,142,80,62,50,46,4,4,4,0,4,4,0,3,3,0,26,20,6,39,38,1,123,102,21,4,4,0,8,8,0,0,0,0,2,2,0,1,1,0,0,0,0,20,19,1,9,9,0,4,4,0,26,26,0,0,0,0,8,5,3,3,3,0,6,5,1,3,3,0,11,11,0,23,22,1,5,5,0,16,16,0,17,17,0,16,15,1,5,4,1,17,14,3,41,24,17,3,3,0,2,2,0,5,5,0,27,27,0,10,9,1,12,12,0,2,1,1,2,2,0,3,3,0,4,4,0,6,6,0,44,37,7,358,173,185,108,104,4,13,11,2,20,20,0,8,6,2,5,5,0,0,0,0,5,5,0,17,17,0,62,53,9,37,24,13,2,2,0,4,4,0,2,2,0,11,11,0,947,425,522,0,0,0
"2016M01",1695,1286,409,14,12,2,44,43,1,12,12,0,17,17,0,4,4,0,77,77,0,15,15,0,102,59,43,26,24,2,0,0,0,4,4,0,0,0,0,15,14,1,31,28,3,146,101,45,8,7,1,8,8,0,0,0,0,2,2,0,4,4,0,1,1,0,24,18,6,11,11,0,4,4,0,19,19,0,1,1,0,2,2,0,2,2,0,4,4,0,0,0,0,7,7,0,12,12,0,2,1,1,16,16,0,6,6,0,11,10,1,9,8,1,6,4,2,58,14,44,4,4,0,1,1,0,1,1,0,29,24,5,18,18,0,8,8,0,0,0,0,1,1,0,1,1,0,2,1,1,4,4,0,37,26,11,153,111,42,64,62,2,14,11,3,11,11,0,3,2,1,2,2,0,0,0,0,13,0,13,12,9,3,65,52,13,12,10,2,1,1,0,4,4,0,0,0,0,5,5,0,506,346,160,0,0,0
"2016M02",2379,1712,667,14,14,0,44,43,1,22,21,1,21,19,2,8,8,0,82,82,0,15,14,1,91,42,49,33,32,1,1,1,0,3,3,0,0,0,0,20,20,0,41,38,3,141,114,27,8,8,0,5,5,0,0,0,0,5,1,4,5,2,3,0,0,0,18,17,1,11,11,0,1,1,0,47,46,1,4,4,0,4,4,0,1,1,0,7,5,2,2,2,0,14,14,0,16,16,0,0,0,0,9,4,5,12,12,0,25,21,4,9,8,1,12,11,1,39,27,12,10,10,0,3,3,0,3,2,1,42,27,15,13,13,0,14,13,1,1,1,0,3,2,1,3,3,0,2,2,0,7,7,0,73,32,41,264,176,88,125,114,11,31,9,22,12,11,1,6,6,0,3,3,0,0,0,0,11,11,0,19,19,0,90,75,15,50,38,12,5,5,0,3,3,0,0,0,0,9,9,0,787,447,340,0,0,0
"2016M03",2315,1815,500,27,25,2,52,52,0,15,15,0,25,25,0,12,10,2,73,73,0,20,19,1,78,54,24,45,37,8,2,2,0,3,3,0,0,0,0,17,16,1,49,47,2,110,110,0,14,14,0,7,7,0,0,0,0,2,2,0,10,5,5,0,0,0,20,20,0,18,17,1,0,0,0,33,32,1,1,1,0,4,4,0,2,2,0,4,4,0,3,2,1,12,12,0,19,19,0,4,4,0,9,9,0,18,16,2,23,19,4,8,8,0,15,14,1,32,21,11,1,0,1,5,5,0,5,5,0,24,24,0,14,14,0,20,20,0,3,3,0,3,3,0,5,5,0,1,1,0,3,2,1,60,46,14,311,189,122,107,102,5,14,9,5,12,11,1,5,4,1,1,1,0,0,0,0,8,8,0,30,20,10,59,55,4,33,33,0,0,0,0,4,4,0,2,2,0,11,11,0,788,518,270,0,0,0
"2016M04",2361,1742,619,24,24,0,56,55,1,23,23,0,18,17,1,10,10,0,66,66,0,14,14,0,77,44,33,45,30,15,3,3,0,8,5,3,0,0,0,18,18,0,47,42,5,114,92,22,9,8,1,6,6,0,0,0,0,2,2,0,3,3,0,0,0,0,23,22,1,20,20,0,0,0,0,28,23,5,2,2,0,4,4,0,0,0,0,13,3,10,0,0,0,13,12,1,18,18,0,1,1,0,18,18,0,18,11,7,27,22,5,22,8,14,24,14,10,28,23,5,4,3,1,3,3,0,6,6,0,37,36,1,11,11,0,14,9,5,0,0,0,2,2,0,1,0,1,2,2,0,5,5,0,57,38,19,399,199,200,104,93,11,18,16,2,58,18,40,10,9,1,1,1,0,0,0,0,9,7,2,21,21,0,59,42,17,19,17,2,2,2,0,5,4,1,1,1,0,12,7,5,699,527,172,0,0,0
"2016M05",2520,1956,564,17,17,0,80,43,37,17,17,0,20,20,0,15,13,2,75,74,1,23,20,3,95,48,47,58,49,9,3,3,0,4,4,0,1,1,0,23,21,2,70,55,15,148,128,20,13,12,1,10,9,1,0,0,0,1,1,0,11,8,3,1,1,0,15,15,0,12,9,3,4,4,0,30,30,0,1,1,0,4,4,0,3,3,0,8,5,3,2,2,0,11,11,0,36,36,0,1,1,0,9,9,0,24,24,0,24,22,2,26,26,0,17,15,2,31,24,7,7,6,1,4,2,2,5,5,0,21,21,0,17,17,0,13,13,0,1,1,0,2,2,0,2,2,0,5,5,0,10,10,0,53,43,10,378,200,178,120,104,16,21,21,0,17,14,3,13,12,1,3,3,0,0,0,0,5,5,0,28,24,4,66,61,5,35,29,6,2,2,0,5,4,1,1,0,1,11,10,1,732,555,177,0,0,0
"2016M06",2752,1863,889,22,21,1,46,40,6,21,18,3,49,30,19,10,10,0,69,68,1,19,18,1,97,74,23,59,50,9,0,0,0,4,4,0,0,0,0,28,28,0,69,43,26,162,134,28,7,7,0,5,5,0,1,1,0,2,2,0,3,3,0,0,0,0,19,19,0,21,13,8,3,3,0,30,25,5,0,0,0,5,5,0,1,1,0,5,4,1,4,4,0,18,18,0,10,10,0,0,0,0,27,21,6,18,17,1,16,14,2,28,11,17,147,7,140,51,22,29,4,4,0,6,4,2,5,4,1,39,37,2,18,17,1,22,21,1,2,2,0,2,2,0,1,1,0,3,3,0,10,9,1,60,42,18,240,179,61,111,107,4,14,14,0,22,20,2,7,7,0,0,0,0,0,0,0,3,3,0,28,28,0,90,69,21,37,31,6,4,4,0,6,6,0,2,2,0,19,8,11,921,489,432,0,0,0
"2016M07",2811,1761,1050,25,25,0,48,44,4,22,21,1,23,20,3,14,14,0,70,70,0,16,15,1,114,70,44,45,41,4,1,1,0,9,9,0,0,0,0,19,18,1,57,52,5,150,96,54,5,5,0,7,7,0,0,0,0,2,2,0,4,3,1,0,0,0,20,19,1,21,19,2,4,4,0,46,45,1,6,6,0,4,4,0,2,2,0,9,7,2,2,2,0,13,13,0,24,21,3,1,1,0,17,16,1,20,15,5,22,22,0,12,12,0,17,16,1,27,22,5,10,10,0,13,9,4,5,5,0,28,25,3,10,10,0,33,31,2,2,2,0,1,1,0,2,1,1,2,2,0,4,4,0,164,29,135,235,141,94,97,84,13,10,10,0,24,24,0,5,4,1,1,0,1,0,0,0,4,4,0,27,25,2,93,78,15,42,39,3,3,3,0,5,4,1,1,1,0,5,4,1,1087,452,635,0,0,0
"2016M08",2834,2015,819,38,35,3,59,56,3,36,35,1,28,28,0,11,11,0,49,48,1,29,23,6,122,89,33,41,39,2,4,4,0,5,5,0,0,0,0,25,25,0,48,40,8,143,104,39,11,11,0,9,9,0,3,3,0,3,3,0,2,2,0,0,0,0,21,21,0,15,15,0,0,0,0,49,41,8,1,1,0,6,2,4,1,1,0,16,16,0,2,2,0,15,15,0,24,17,7,1,1,0,26,19,7,27,27,0,20,16,4,18,18,0,12,11,1,60,32,28,9,9,0,8,6,2,7,7,0,34,34,0,24,22,2,17,17,0,5,5,0,0,0,0,8,5,3,3,2,1,6,6,0,51,51,0,330,156,174,131,123,8,21,19,2,13,13,0,7,6,1,3,3,0,2,2,0,4,4,0,38,36,2,109,79,30,37,34,3,5,5,0,4,4,0,1,1,0,7,7,0,970,534,436,0,0,0
"2016M09",2614,1892,722,20,20,0,46,44,2,30,28,2,21,21,0,10,10,0,69,65,4,18,13,5,116,83,33,36,32,4,3,3,0,5,4,1,1,1,0,32,30,2,43,37,6,134,118,16,6,6,0,9,9,0,0,0,0,1,1,0,7,5,2,1,1,0,24,19,5,13,13,0,3,3,0,46,37,9,1,1,0,2,2,0,3,3,0,10,10,0,4,4,0,11,11,0,22,21,1,1,0,1,25,13,12,21,21,0,26,24,2,27,20,7,22,20,2,179,27,152,5,4,1,7,4,3,7,7,0,35,27,8,16,16,0,26,19,7,5,5,0,1,1,0,3,3,0,2,1,1,7,6,1,49,40,9,242,163,79,112,108,4,10,9,1,25,17,8,5,3,2,2,2,0,1,1,0,8,7,1,36,36,0,84,76,8,37,33,4,1,0,1,9,9,0,1,1,0,14,9,5,816,505,311,0,0,0
"2016M10",2575,1802,773,19,17,2,72,69,3,22,22,0,28,28,0,7,7,0,71,69,2,16,15,1,104,69,35,36,34,2,3,3,0,6,6,0,1,1,0,30,30,0,49,44,5,166,126,40,14,5,9,3,2,1,0,0,0,1,1,0,4,2,2,1,1,0,25,25,0,12,12,0,6,6,0,52,22,30,2,2,0,2,2,0,1,1,0,8,7,1,2,2,0,12,11,1,32,24,8,0,0,0,13,10,3,29,20,9,34,34,0,11,11,0,20,19,1,181,25,156,8,8,0,10,8,2,10,10,0,28,28,0,28,25,3,22,21,1,3,3,0,3,3,0,4,4,0,5,4,1,2,2,0,35,35,0,213,138,75,93,88,5,9,9,0,18,18,0,10,10,0,2,2,0,0,0,0,7,7,0,34,34,0,80,56,24,31,27,4,11,3,8,9,9,0,2,2,0,11,11,0,792,453,339,0,0,0
"2016M11",3005,1886,1119,36,30,6,70,68,2,27,27,0,29,27,2,21,19,2,83,80,3,14,12,2,107,81,26,48,45,3,5,5,0,0,0,0,0,0,0,32,28,4,44,38,6,168,98,70,16,15,1,11,11,0,0,0,0,2,2,0,10,9,1,2,2,0,25,24,1,18,16,2,3,3,0,63,41,22,2,2,0,5,5,0,2,2,0,18,16,2,3,2,1,15,15,0,31,27,4,4,4,0,21,21,0,23,20,3,27,23,4,17,11,6,13,12,1,24,13,11,6,6,0,7,7,0,15,14,1,32,31,1,29,23,6,18,18,0,1,1,0,1,1,0,0,0,0,1,1,0,4,4,0,38,38,0,249,145,104,103,102,1,18,11,7,31,29,2,13,9,4,1,1,0,0,0,0,5,4,1,38,37,1,71,45,26,42,38,4,6,6,0,17,6,11,22,2,20,10,10,0,1188,443,745,0,0,0
"2016M12",2205,1580,625,26,25,1,45,45,0,20,19,1,28,27,1,10,10,0,57,57,0,9,8,1,76,42,34,43,43,0,3,3,0,2,2,0,0,0,0,21,21,0,40,36,4,114,85,29,10,6,4,12,12,0,0,0,0,2,2,0,5,3,2,0,0,0,15,15,0,10,10,0,2,2,0,36,32,4,2,2,0,11,11,0,9,8,1,9,9,0,1,1,0,11,11,0,16,16,0,2,2,0,17,17,0,23,22,1,24,24,0,9,9,0,11,11,0,29,20,9,7,5,2,2,2,0,10,8,2,41,24,17,22,16,6,18,18,0,1,1,0,5,3,2,5,4,1,2,2,0,8,7,1,53,45,8,197,117,80,94,92,2,32,12,20,20,20,0,6,6,0,1,1,0,0,0,0,4,4,0,26,19,7,79,59,20,50,37,13,3,3,0,6,6,0,3,2,1,10,8,2,740,391,349,0,0,0
"2017M01",1752,1253,499,20,20,0,39,37,2,10,9,1,19,17,2,10,9,1,43,43,0,28,20,8,55,27,28,25,25,0,4,4,0,0,0,0,0,0,0,17,17,0,40,22,18,103,73,30,5,5,0,13,13,0,4,4,0,0,0,0,5,3,2,0,0,0,22,15,7,10,10,0,2,2,0,34,29,5,2,2,0,5,5,0,4,4,0,10,9,1,2,2,0,10,9,1,26,26,0,1,1,0,15,6,9,23,18,5,19,16,3,7,6,1,12,12,0,27,15,12,9,3,6,7,5,2,3,3,0,23,20,3,10,9,1,22,18,4,2,2,0,0,0,0,3,3,0,2,2,0,6,6,0,44,36,8,179,113,66,78,75,3,15,15,0,14,12,2,8,6,2,1,1,0,0,0,0,7,7,0,30,30,0,59,40,19,29,22,7,6,6,0,8,8,0,0,0,0,4,4,0,512,272,240,0,0,0
"2017M02",2418,1761,657,35,32,3,74,73,1,22,21,1,23,22,1,9,9,0,63,62,1,14,12,2,99,56,43,54,52,2,6,6,0,7,7,0,2,2,0,16,16,0,39,34,5,171,140,31,8,8,0,6,6,0,0,0,0,3,3,0,8,7,1,1,1,0,25,22,3,25,21,4,1,1,0,34,32,2,5,3,2,3,3,0,5,4,1,12,11,1,3,3,0,19,18,1,37,26,11,2,2,0,14,12,2,23,22,1,24,20,4,7,6,1,15,15,0,34,20,14,17,13,4,3,3,0,10,10,0,23,22,1,21,11,10,20,18,2,1,1,0,2,2,0,7,7,0,4,2,2,5,5,0,43,35,8,174,110,64,98,98,0,22,17,5,9,9,0,7,7,0,1,1,0,2,2,0,10,7,3,44,36,8,79,68,11,43,32,11,6,4,2,6,6,0,1,1,0,12,12,0,800,412,388,0,0,0
"2017M03",2779,1923,856,58,29,29,52,50,2,25,23,2,26,26,0,9,9,0,81,81,0,21,17,4,123,60,63,31,30,1,4,4,0,6,6,0,2,2,0,15,15,0,46,31,15,169,130,39,7,6,1,8,8,0,0,0,0,1,1,0,6,3,3,1,1,0,19,19,0,16,16,0,5,4,1,45,44,1,3,3,0,4,4,0,6,6,0,9,9,0,0,0,0,14,13,1,23,20,3,4,4,0,19,13,6,17,17,0,20,16,4,15,8,7,28,28,0,45,23,22,12,12,0,15,15,0,8,8,0,37,18,19,20,20,0,22,21,1,2,2,0,5,5,0,7,7,0,7,7,0,18,17,1,57,57,0,278,126,152,97,97,0,16,15,1,14,12,2,7,7,0,0,0,0,0,0,0,6,6,0,35,33,2,107,79,28,60,43,17,4,3,1,7,7,0,1,1,0,12,10,2,942,516,426,0,0,0
"2017M04",2106,1487,619,24,24,0,43,42,1,20,20,0,31,20,11,5,4,1,51,51,0,9,8,1,100,45,55,35,27,8,5,4,1,8,7,1,1,1,0,19,19,0,44,37,7,126,108,18,3,3,0,3,3,0,1,1,0,0,0,0,9,6,3,0,0,0,18,18,0,12,11,1,5,4,1,27,24,3,3,2,1,2,2,0,3,2,1,12,11,1,0,0,0,12,12,0,31,30,1,1,1,0,11,11,0,16,15,1,19,19,0,12,7,5,11,10,1,49,24,25,7,7,0,6,3,3,8,8,0,28,27,1,23,20,3,18,17,1,0,0,0,4,2,2,1,1,0,7,5,2,8,8,0,28,26,2,159,101,58,102,101,1,6,6,0,16,16,0,11,10,1,1,1,0,0,0,0,8,8,0,39,24,15,73,52,21,30,23,7,1,1,0,3,3,0,0,0,0,12,12,0,726,372,354,0,0,0
"2017M05",2794,2039,755,39,37,2,50,47,3,22,20,2,32,30,2,26,25,1,65,63,2,12,12,0,122,27,95,86,51,35,5,5,0,4,4,0,1,1,0,23,23,0,37,34,3,145,131,14,20,7,13,15,13,2,1,1,0,2,1,1,3,2,1,0,0,0,34,26,8,36,36,0,4,4,0,40,37,3,4,4,0,5,5,0,3,3,0,11,10,1,6,6,0,16,16,0,25,25,0,1,1,0,14,14,0,33,21,12,41,22,19,20,18,2,31,26,5,67,38,29,21,11,10,5,5,0,9,8,1,38,38,0,28,25,3,35,34,1,5,5,0,2,1,1,4,4,0,2,2,0,10,10,0,56,56,0,225,153,72,138,138,0,17,15,2,17,17,0,6,4,2,3,3,0,4,4,0,6,6,0,32,31,1,90,58,32,29,29,0,6,4,2,5,5,0,3,2,1,12,12,0,885,513,372,0,0,0
"2017M06",2560,1691,869,19,18,1,64,59,5,12,11,1,32,32,0,1,1,0,51,51,0,21,17,4,76,26,50,48,38,10,2,2,0,3,2,1,0,0,0,27,27,0,41,40,1,162,137,25,12,11,1,9,9,0,0,0,0,4,4,0,5,5,0,0,0,0,21,19,2,30,30,0,2,2,0,41,40,1,4,4,0,1,1,0,2,2,0,7,5,2,3,3,0,15,15,0,20,20,0,1,1,0,32,28,4,36,24,12,9,9,0,23,20,3,21,12,9,147,32,115,7,6,1,16,14,2,10,10,0,34,28,6,12,10,2,19,18,1,4,3,1,2,1,1,3,2,1,5,3,2,7,6,1,35,33,2,139,102,37,117,108,9,13,13,0,13,13,0,12,9,3,2,2,0,0,0,0,8,4,4,35,35,0,102,72,30,30,29,1,7,7,0,11,11,0,1,1,0,6,6,0,906,388,518,0,0,0
"2017M07",2762,1900,862,25,24,1,48,48,0,17,16,1,37,31,6,12,10,2,61,61,0,7,6,1,102,34,68,74,51,23,7,6,1,6,6,0,0,0,0,32,32,0,66,37,29,179,137,42,6,4,2,6,6,0,1,0,1,2,2,0,8,7,1,0,0,0,23,21,2,19,12,7,4,4,0,36,33,3,2,2,0,6,6,0,2,2,0,9,9,0,4,4,0,11,8,3,25,24,1,2,2,0,13,11,2,34,33,1,22,22,0,23,22,1,34,26,8,56,15,41,14,14,0,13,12,1,9,9,0,28,22,6,28,24,4,22,21,1,1,1,0,3,3,0,2,2,0,1,1,0,6,6,0,51,51,0,300,169,131,134,131,3,19,12,7,16,13,3,9,6,3,5,4,1,0,0,0,8,7,1,30,30,0,207,91,116,36,32,4,3,3,0,9,9,0,3,3,0,10,9,1,774,441,333,0,0,0
"2017M08",3166,2025,1141,21,19,2,83,68,15,19,18,1,36,30,6,17,17,0,74,64,10,11,10,1,99,35,64,78,56,22,6,6,0,6,6,0,4,3,1,25,20,5,44,35,9,132,111,21,25,19,6,12,12,0,0,0,0,0,0,0,7,5,2,1,1,0,37,29,8,28,15,13,6,6,0,42,38,4,2,2,0,5,5,0,5,4,1,5,4,1,0,0,0,19,19,0,38,34,4,1,1,0,32,24,8,19,16,3,24,20,4,20,19,1,19,14,5,129,28,101,17,12,5,9,9,0,7,7,0,38,37,1,20,14,6,27,27,0,2,2,0,2,2,0,6,6,0,10,8,2,9,9,0,60,59,1,244,138,106,139,137,2,9,7,2,20,16,4,9,7,2,2,2,0,0,0,0,12,12,0,35,29,6,111,88,23,45,41,4,3,2,1,7,7,0,0,0,0,8,8,0,1184,526,658,0,0,0
"2017M09",2770,1843,927,29,29,0,64,58,6,26,23,3,29,25,4,7,7,0,48,47,1,13,12,1,108,40,68,41,37,4,2,2,0,5,5,0,3,3,0,38,38,0,51,46,5,150,136,14,14,14,0,11,11,0,0,0,0,2,2,0,7,4,3,1,1,0,18,14,4,33,14,19,2,2,0,36,32,4,1,1,0,2,2,0,0,0,0,19,16,3,2,2,0,12,12,0,48,41,7,0,0,0,21,19,2,18,17,1,42,6,36,17,17,0,28,18,10,132,20,112,21,19,2,15,4,11,9,9,0,44,33,11,14,14,0,32,29,3,5,5,0,0,0,0,1,1,0,3,2,1,15,13,2,44,44,0,222,129,93,137,136,1,13,12,1,21,19,2,11,8,3,1,1,0,0,0,0,11,6,5,47,43,4,91,63,28,34,31,3,6,6,0,12,10,2,2,2,0,11,11,0,868,420,448,0,0,0
"2017M10",2549,1806,743,24,21,3,47,45,2,13,13,0,30,30,0,5,4,1,71,71,0,16,16,0,84,27,57,60,56,4,4,4,0,4,4,0,2,2,0,26,26,0,40,30,10,114,98,16,14,12,2,7,7,0,0,0,0,2,2,0,14,5,9,0,0,0,26,25,1,13,13,0,3,3,0,30,27,3,3,3,0,4,4,0,3,3,0,9,9,0,1,1,0,14,14,0,21,20,1,4,4,0,16,16,0,17,15,2,14,13,1,20,14,6,14,13,1,65,39,26,16,15,1,7,7,0,9,9,0,24,24,0,20,20,0,46,37,9,7,7,0,2,2,0,2,2,0,1,1,0,11,10,1,41,37,4,244,129,115,78,74,4,9,8,1,17,17,0,11,11,0,2,2,0,0,0,0,7,7,0,33,26,7,108,66,42,28,26,2,11,11,0,5,5,0,4,4,0,8,8,0,944,532,412,0,0,0
"2017M11",3262,1870,1392,37,36,1,51,49,2,26,26,0,20,19,1,11,11,0,38,37,1,28,28,0,114,46,68,53,44,9,1,1,0,6,6,0,0,0,0,24,22,2,46,41,5,184,129,55,17,17,0,10,10,0,2,2,0,0,0,0,17,13,4,0,0,0,22,20,2,22,21,1,5,5,0,43,38,5,3,2,1,4,4,0,1,1,0,9,9,0,3,1,2,18,18,0,22,22,0,7,7,0,21,17,4,14,14,0,19,15,4,38,17,21,18,18,0,100,27,73,14,14,0,14,13,1,7,7,0,19,17,2,21,21,0,30,29,1,5,5,0,5,5,0,1,1,0,3,3,0,13,13,0,42,40,2,221,116,105,84,77,7,14,7,7,24,22,2,9,9,0,7,4,3,0,0,0,7,5,2,29,26,3,98,57,41,60,25,35,7,7,0,10,10,0,2,2,0,12,12,0,1450,530,920,0,0,0
"2017M12",2169,1424,745,30,30,0,35,33,2,18,18,0,35,35,0,11,10,1,30,29,1,7,7,0,57,22,35,34,33,1,1,0,1,1,1,0,4,4,0,23,16,7,43,17,26,57,53,4,18,15,3,6,5,1,1,0,1,2,2,0,5,5,0,2,1,1,18,14,4,12,10,2,3,3,0,30,30,0,2,2,0,5,4,1,4,3,1,12,10,2,2,1,1,12,12,0,25,21,4,0,0,0,13,12,1,20,14,6,44,18,26,28,27,1,14,14,0,12,9,3,18,14,4,7,6,1,10,9,1,35,19,16,13,13,0,28,28,0,4,3,1,1,1,0,2,2,0,3,3,0,15,15,0,50,50,0,137,89,48,55,55,0,14,13,1,12,12,0,6,6,0,1,1,0,0,0,0,11,11,0,20,18,2,111,65,46,30,26,4,1,1,0,18,16,2,4,4,0,11,8,3,876,396,480,0,0,0
"2018M01",1916,1380,536,21,21,0,48,47,1,12,12,0,20,18,2,3,3,0,32,32,0,13,13,0,50,18,32,55,47,8,4,4,0,1,1,0,1,1,0,14,14,0,29,28,1,82,72,10,8,8,0,4,4,0,0,0,0,0,0,0,5,4,1,0,0,0,18,17,1,19,19,0,5,5,0,25,25,0,2,2,0,8,8,0,3,3,0,12,12,0,5,5,0,13,13,0,20,19,1,1,1,0,12,12,0,23,22,1,23,23,0,21,18,3,20,19,1,36,32,4,13,13,0,2,2,0,1,1,0,13,13,0,14,12,2,27,26,1,3,3,0,0,0,0,1,1,0,3,3,0,3,3,0,25,25,0,155,82,73,61,57,4,15,13,2,17,13,4,9,6,3,1,1,0,0,0,0,12,8,4,21,14,7,84,55,29,23,21,2,7,7,0,9,8,1,1,1,0,10,9,1,718,381,337,0,0,0
"2018M02",2412,1664,748,28,28,0,58,54,4,29,26,3,32,25,7,9,8,1,53,51,2,6,6,0,95,46,49,31,28,3,2,2,0,3,3,0,2,2,0,30,30,0,53,41,12,92,84,8,7,7,0,11,11,0,1,1,0,3,3,0,9,7,2,0,0,0,32,25,7,25,14,11,4,2,2,34,32,2,4,4,0,2,2,0,5,4,1,12,12,0,2,2,0,10,10,0,34,27,7,0,0,0,29,25,4,23,21,2,27,25,2,76,25,51,45,26,19,43,20,23,15,10,5,6,6,0,4,4,0,42,42,0,37,18,19,18,18,0,1,1,0,5,3,2,1,1,0,2,2,0,13,10,3,74,47,27,169,102,67,83,81,2,11,8,3,13,13,0,9,7,2,0,0,0,0,0,0,4,4,0,13,12,1,111,64,47,23,22,1,0,0,0,7,7,0,1,1,0,10,10,0,779,432,347,0,0,0
"2018M03",2926,1753,1173,26,26,0,60,55,5,22,22,0,25,25,0,10,10,0,54,54,0,23,14,9,123,53,70,59,54,5,3,3,0,5,5,0,1,1,0,24,17,7,44,38,6,134,119,15,5,5,0,8,8,0,1,1,0,2,2,0,6,4,2,1,1,0,18,16,2,32,30,2,6,6,0,31,23,8,2,2,0,1,1,0,1,1,0,14,13,1,4,4,0,9,8,1,91,30,61,3,3,0,15,11,4,20,19,1,22,22,0,23,12,11,66,13,53,110,23,87,10,9,1,21,8,13,14,12,2,61,59,2,12,12,0,23,23,0,4,4,0,1,1,0,7,7,0,3,3,0,6,4,2,55,39,16,272,112,160,58,57,1,16,16,0,13,13,0,7,7,0,0,0,0,0,0,0,9,9,0,15,15,0,66,41,25,34,34,0,4,4,0,7,5,2,1,1,0,21,12,9,1082,492,590,0,0,0
"2018M04",2729,1614,1115,28,24,4,53,42,11,16,16,0,33,28,5,6,6,0,43,41,2,9,9,0,89,43,46,39,35,4,6,6,0,4,4,0,5,5,0,20,19,1,28,22,6,129,77,52,20,16,4,8,8,0,0,0,0,2,2,0,3,2,1,2,2,0,25,19,6,22,10,12,3,3,0,38,36,2,4,4,0,3,2,1,2,2,0,8,6,2,1,1,0,16,16,0,51,25,26,0,0,0,15,15,0,16,11,5,11,9,2,21,20,1,23,18,5,110,27,83,13,13,0,4,4,0,8,8,0,39,38,1,8,7,1,30,29,1,6,6,0,0,0,0,5,5,0,3,3,0,12,12,0,55,46,9,163,93,70,80,76,4,16,4,12,28,17,11,6,5,1,0,0,0,0,0,0,11,11,0,27,23,4,78,59,19,44,27,17,6,5,1,4,4,0,2,2,0,6,5,1,1163,481,682,0,0,0
"2018M05",3407,2167,1240,28,24,4,64,62,2,21,19,2,23,22,1,12,9,3,79,59,20,13,13,0,115,74,41,66,48,18,1,1,0,5,5,0,0,0,0,21,21,0,42,38,4,126,104,22,17,13,4,6,6,0,3,1,2,3,3,0,9,5,4,0,0,0,29,25,4,18,13,5,4,4,0,36,36,0,6,6,0,5,5,0,5,5,0,15,14,1,4,4,0,17,14,3,37,29,8,3,3,0,46,33,13,19,19,0,23,23,0,30,26,4,85,34,51,55,33,22,23,22,1,3,3,0,14,13,1,33,33,0,17,15,2,25,25,0,1,1,0,5,4,1,7,7,0,5,5,0,11,11,0,56,45,11,229,125,104,104,100,4,14,9,5,15,15,0,14,13,1,1,1,0,1,1,0,10,9,1,25,21,4,98,64,34,41,30,11,10,10,0,7,7,0,0,0,0,17,15,2,1530,710,820,0,0,0
"2018M06",2792,1730,1062,20,20,0,53,51,2,10,10,0,21,20,1,9,9,0,45,41,4,13,13,0,156,42,114,44,35,9,1,1,0,7,7,0,1,1,0,18,18,0,31,28,3,108,76,32,9,9,0,3,3,0,0,0,0,7,7,0,9,8,1,0,0,0,16,11,5,25,19,6,4,4,0,33,31,2,0,0,0,2,2,0,1,1,0,15,13,2,4,4,0,10,9,1,28,25,3,0,0,0,13,13,0,18,17,1,16,12,4,6,6,0,29,25,4,288,26,262,18,18,0,5,5,0,9,9,0,30,30,0,50,22,28,24,24,0,6,6,0,3,2,1,6,6,0,5,5,0,10,10,0,71,55,16,166,77,89,100,99,1,17,14,3,7,7,0,11,9,2,3,3,0,0,0,0,7,7,0,29,21,8,84,56,28,26,23,3,6,6,0,14,12,2,2,2,0,9,8,1,1001,577,424,0,0,0
"2018M07",2752,1731,1021,23,22,1,50,47,3,8,8,0,16,16,0,6,6,0,64,57,7,9,8,1,116,48,68,48,42,6,2,2,0,2,2,0,2,2,0,25,25,0,24,20,4,87,62,25,7,7,0,9,9,0,0,0,0,1,1,0,5,4,1,2,2,0,30,23,7,21,14,7,2,2,0,29,29,0,2,2,0,1,1,0,3,3,0,6,5,1,8,8,0,12,12,0,31,30,1,2,1,1,37,26,11,25,23,2,19,17,2,20,20,0,22,16,6,41,34,7,16,12,4,8,8,0,9,9,0,27,27,0,11,11,0,13,12,1,2,2,0,7,6,1,1,1,0,1,0,1,7,7,0,61,44,17,133,100,33,65,65,0,6,3,3,20,18,2,8,6,2,5,5,0,0,0,0,24,13,11,41,33,8,143,69,74,41,41,0,3,3,0,7,6,1,18,4,14,8,8,0,1250,562,688,0,0,0
"2018M08",3075,1880,1195,28,25,3,43,42,1,21,21,0,34,34,0,11,9,2,66,63,3,15,13,2,154,37,117,66,42,24,13,13,0,3,3,0,4,4,0,33,32,1,30,30,0,150,66,84,18,16,2,10,10,0,0,0,0,2,2,0,8,8,0,0,0,0,36,30,6,22,18,4,0,0,0,35,35,0,1,1,0,5,5,0,3,3,0,14,14,0,5,5,0,10,9,1,54,27,27,3,3,0,28,14,14,10,8,2,14,14,0,14,14,0,35,21,14,94,32,62,24,18,6,3,3,0,8,7,1,22,20,2,17,17,0,23,23,0,4,4,0,1,1,0,4,3,1,4,4,0,7,7,0,52,43,9,173,117,56,107,107,0,14,12,2,21,13,8,13,12,1,2,2,0,0,0,0,12,9,3,22,17,5,100,69,31,27,21,6,8,8,0,10,9,1,2,2,0,5,5,0,1298,604,694,0,0,0
"2018M09",2559,1673,886,20,17,3,45,34,11,12,12,0,19,15,4,10,10,0,61,54,7,19,18,1,151,39,112,35,25,10,4,4,0,4,4,0,1,1,0,28,24,4,32,32,0,133,69,64,12,8,4,4,0,4,1,0,1,3,3,0,11,11,0,0,0,0,26,19,7,16,11,5,5,4,1,28,26,2,4,4,0,5,5,0,1,1,0,5,5,0,2,2,0,12,12,0,23,19,4,0,0,0,13,13,0,26,26,0,17,16,1,21,21,0,41,18,23,55,21,34,13,13,0,6,6,0,13,10,3,27,25,2,58,32,26,20,20,0,4,4,0,6,6,0,1,1,0,4,4,0,8,8,0,64,63,1,234,113,121,106,105,1,30,25,5,6,6,0,19,14,5,3,3,0,3,3,0,9,8,1,23,17,6,77,65,12,35,33,2,8,8,0,11,11,0,2,2,0,10,9,1,854,456,398,0,0,0
"2018M10",2926,2032,894,33,26,7,51,48,3,15,15,0,30,25,5,7,5,2,52,52,0,27,27,0,163,53,110,48,41,7,5,5,0,2,2,0,0,0,0,31,31,0,37,36,1,113,104,9,10,10,0,7,6,1,0,0,0,3,3,0,5,4,1,1,1,0,42,40,2,15,15,0,7,7,0,22,20,2,1,1,0,8,8,0,5,5,0,16,15,1,5,5,0,19,19,0,31,28,3,2,2,0,38,19,19,25,23,2,21,21,0,28,28,0,36,25,11,63,18,45,18,15,3,19,12,7,7,6,1,42,42,0,45,14,31,19,17,2,3,3,0,4,3,1,5,5,0,5,3,2,7,7,0,64,59,5,242,116,126,80,79,1,14,13,1,14,14,0,7,4,3,2,2,0,3,3,0,1,1,0,30,24,6,95,70,25,66,32,34,3,3,0,23,13,10,4,4,0,3,3,0,1077,672,405,0,0,0
"2018M11",3120,2009,1111,55,19,36,56,53,3,18,18,0,47,33,14,10,9,1,69,62,7,19,13,6,174,51,123,50,43,7,5,5,0,11,11,0,1,1,0,22,20,2,24,23,1,108,88,20,13,12,1,6,5,1,1,1,0,1,1,0,7,7,0,0,0,0,39,26,13,18,8,10,4,4,0,36,33,3,1,1,0,6,6,0,8,8,0,15,14,1,2,2,0,20,18,2,45,45,0,1,1,0,20,20,0,32,10,22,30,30,0,23,20,3,67,30,37,103,31,72,17,17,0,7,7,0,13,13,0,18,18,0,29,17,12,18,16,2,6,6,0,3,3,0,2,2,0,4,3,1,10,10,0,62,59,3,208,122,86,98,98,0,28,18,10,27,21,6,7,6,1,1,1,0,1,1,0,10,10,0,37,19,18,88,74,14,50,44,6,3,3,0,5,5,0,2,2,0,27,26,1,1172,606,566,0,0,0
"2018M12",2382,1492,890,17,15,2,44,42,2,20,20,0,15,15,0,8,7,1,52,52,0,11,11,0,101,27,74,42,36,6,3,3,0,3,2,1,2,2,0,18,18,0,20,20,0,81,59,22,21,11,10,4,3,1,1,1,0,3,3,0,6,5,1,0,0,0,19,17,2,5,5,0,3,3,0,40,40,0,2,2,0,3,3,0,7,7,0,5,4,1,1,1,0,46,9,37,32,27,5,2,2,0,22,14,8,17,17,0,15,14,1,21,15,6,25,18,7,47,21,26,11,11,0,7,7,0,14,13,1,40,28,12,5,5,0,18,18,0,5,5,0,5,4,1,3,3,0,4,4,0,16,16,0,55,54,1,212,89,123,92,92,0,5,5,0,6,6,0,7,5,2,0,0,0,0,0,0,6,5,1,23,17,6,73,65,8,32,28,4,5,3,2,5,5,0,4,4,0,7,4,3,938,425,513,0,0,0
"2019M01",2496,1525,971,24,23,1,49,46,3,12,12,0,8,8,0,4,4,0,52,46,6,15,14,1,65,27,38,56,37,19,3,2,1,9,9,0,1,1,0,19,19,0,50,44,6,162,70,92,8,7,1,8,6,2,1,1,0,1,1,0,6,6,0,1,1,0,14,12,2,8,7,1,5,5,0,22,22,0,3,3,0,5,3,2,5,5,0,6,6,0,5,5,0,18,18,0,27,27,0,5,5,0,21,4,17,8,8,0,37,35,2,22,20,2,20,17,3,55,23,32,7,7,0,2,2,0,0,0,0,33,18,15,6,6,0,24,16,8,2,2,0,1,1,0,1,1,0,3,1,2,10,10,0,52,50,2,126,67,59,77,77,0,14,12,2,20,19,1,12,9,3,1,1,0,0,0,0,4,4,0,24,16,8,58,42,16,31,23,8,5,5,0,4,4,0,1,0,1,10,9,1,1128,514,614,0,0,0
"2019M02",3098,1814,1284,24,21,3,50,44,6,19,19,0,28,26,2,12,11,1,70,66,4,24,24,0,117,47,70,66,45,21,3,3,0,2,2,0,3,3,0,17,16,1,51,40,11,78,70,8,13,12,1,8,7,1,0,0,0,2,2,0,8,8,0,2,2,0,18,16,2,13,10,3,5,5,0,36,32,4,1,1,0,2,2,0,3,2,1,18,14,4,7,7,0,26,15,11,30,27,3,0,0,0,33,14,19,24,23,1,28,15,13,11,8,3,53,20,33,99,26,73,27,12,15,10,6,4,7,4,3,34,27,7,7,7,0,16,14,2,3,3,0,1,1,0,5,5,0,3,3,0,10,9,1,47,38,9,252,83,169,107,107,0,7,7,0,8,8,0,13,5,8,0,0,0,0,0,0,11,9,2,23,21,2,107,63,44,23,20,3,3,3,0,10,10,0,0,0,0,6,6,0,1354,638,716,0,0,0
"2019M03",3180,1949,1231,28,23,5,38,37,1,23,23,0,29,27,2,10,10,0,49,46,3,19,18,1,181,79,102,52,37,15,6,6,0,6,6,0,4,1,3,23,14,9,29,26,3,89,85,4,17,17,0,19,15,4,0,0,0,0,0,0,9,9,0,1,1,0,32,27,5,21,18,3,5,5,0,27,22,5,1,1,0,3,3,0,3,3,0,14,10,4,3,3,0,8,8,0,38,37,1,2,2,0,22,22,0,14,12,2,30,14,16,32,19,13,43,19,24,74,41,33,28,22,6,4,4,0,6,6,0,38,26,12,109,31,78,29,29,0,4,4,0,3,1,2,4,4,0,4,4,0,16,13,3,77,53,24,241,115,126,100,100,0,8,8,0,25,15,10,10,10,0,2,2,0,0,0,0,9,9,0,24,21,3,267,50,217,32,29,3,10,9,1,7,7,0,0,0,0,10,9,1,1109,622,487,0,0,0
"2019M04",2605,1659,946,27,23,4,39,39,0,16,16,0,19,19,0,9,9,0,59,46,13,14,11,3,75,43,32,29,25,4,1,1,0,3,3,0,1,1,0,22,21,1,22,19,3,100,77,23,22,21,1,29,27,2,0,0,0,0,0,0,12,8,4,0,0,0,31,27,4,14,11,3,7,6,1,45,44,1,0,0,0,5,5,0,5,5,0,12,11,1,5,5,0,10,10,0,34,34,0,1,1,0,16,16,0,16,16,0,40,16,24,12,10,2,74,15,59,67,21,46,10,10,0,4,4,0,4,4,0,27,27,0,13,13,0,23,23,0,6,6,0,4,4,0,5,5,0,1,1,0,9,9,0,37,37,0,212,89,123,106,106,0,12,12,0,12,12,0,11,11,0,4,4,0,0,0,0,7,5,2,22,22,0,77,51,26,25,21,4,8,8,0,14,14,0,1,1,0,15,15,0,1043,483,560,0,0,0
"2019M05",3724,2015,1709,44,36,8,71,47,24,18,18,0,30,26,4,14,11,3,58,46,12,39,25,14,210,63,147,60,47,13,3,3,0,4,4,0,1,1,0,30,23,7,51,45,6,115,100,15,23,22,1,14,14,0,0,0,0,2,2,0,7,7,0,2,2,0,47,20,27,27,26,1,6,6,0,35,35,0,4,4,0,9,7,2,11,4,7,8,8,0,8,8,0,22,19,3,39,32,7,1,1,0,33,24,9,23,21,2,42,20,22,12,12,0,24,19,5,146,46,100,19,19,0,9,8,1,4,4,0,31,26,5,26,25,1,26,21,5,1,1,0,4,4,0,3,3,0,3,3,0,8,7,1,45,45,0,250,130,120,93,87,6,17,8,9,13,8,5,12,10,2,3,3,0,0,0,0,17,15,2,25,19,6,94,68,26,33,31,2,14,13,1,15,13,2,2,2,0,7,7,0,1657,581,1076,0,0,0
"2019M06",2887,1659,1228,33,32,1,52,43,9,9,9,0,28,27,1,1,1,0,65,59,6,35,15,20,113,38,75,29,21,8,2,2,0,4,4,0,0,0,0,37,23,14,39,37,2,101,77,24,12,11,1,8,8,0,0,0,0,5,4,1,9,8,1,1,1,0,28,24,4,9,8,1,11,11,0,43,34,9,3,3,0,8,6,2,1,1,0,13,7,6,3,3,0,7,7,0,28,28,0,0,0,0,26,12,14,8,8,0,55,51,4,16,12,4,52,27,25,134,19,115,14,9,5,8,4,4,1,1,0,56,38,18,22,22,0,20,20,0,2,2,0,3,3,0,3,3,0,5,5,0,9,9,0,39,37,2,236,96,140,72,70,2,9,8,1,10,10,0,13,10,3,3,3,0,0,0,0,11,11,0,16,11,5,68,43,25,43,28,15,12,11,1,14,14,0,2,2,0,16,15,1,1152,493,659,0,0,0
"2019M07",3420,2101,1319,37,33,4,67,57,10,23,23,0,30,26,4,13,11,2,90,86,4,25,13,12,137,53,84,52,39,13,1,1,0,6,5,1,3,3,0,30,29,1,41,39,2,131,93,38,25,19,6,6,6,0,0,0,0,1,1,0,10,6,4,1,1,0,58,40,18,22,16,6,2,2,0,46,26,20,5,5,0,7,7,0,4,4,0,12,8,4,1,1,0,16,16,0,30,26,4,0,0,0,13,13,0,18,17,1,34,34,0,8,6,2,89,33,56,54,34,20,15,15,0,6,1,5,5,5,0,53,50,3,38,12,26,19,18,1,5,5,0,3,3,0,3,3,0,6,6,0,15,15,0,61,61,0,180,128,52,127,124,3,14,12,2,17,11,6,6,3,3,2,2,0,0,0,0,21,11,10,26,22,4,98,57,41,34,30,4,6,6,0,24,22,2,1,1,0,33,23,10,1454,623,831,0,0,0
"2019M08",3265,1958,1307,30,23,7,64,47,17,18,16,2,22,18,4,8,3,5,77,72,5,22,16,6,155,60,95,37,36,1,1,1,0,2,2,0,3,2,1,18,17,1,36,35,1,92,75,17,30,27,3,11,10,1,0,0,0,6,5,1,8,3,5,1,1,0,36,31,5,21,17,4,7,7,0,36,36,0,3,1,2,4,3,1,3,3,0,11,10,1,6,4,2,17,17,0,39,38,1,2,2,0,24,20,4,27,26,1,29,23,6,4,3,1,48,22,26,89,30,59,12,12,0,8,6,2,8,7,1,53,53,0,17,17,0,10,10,0,5,5,0,4,4,0,3,3,0,5,5,0,12,12,0,71,71,0,235,108,127,133,132,1,19,13,6,15,14,1,21,17,4,0,0,0,1,1,0,7,7,0,30,28,2,73,41,32,41,39,2,5,4,1,14,13,1,2,2,0,7,7,0,1407,565,842,0,0,0
"2019M09",3347,1744,1603,23,20,3,33,33,0,10,10,0,30,28,2,9,7,2,100,54,46,13,13,0,211,33,178,44,43,1,4,4,0,3,3,0,3,2,1,23,22,1,34,29,5,137,66,71,25,13,12,14,10,4,0,0,0,3,3,0,9,8,1,2,2,0,28,22,6,16,13,3,9,5,4,51,34,17,1,1,0,3,3,0,4,3,1,12,12,0,9,6,3,12,9,3,51,48,3,0,0,0,21,13,8,24,20,4,23,17,6,22,19,3,40,18,22,211,17,194,15,13,2,2,2,0,5,5,0,43,37,6,16,14,2,25,25,0,4,4,0,5,5,0,7,7,0,6,6,0,11,10,1,56,52,4,230,116,114,132,124,8,11,10,1,12,12,0,13,12,1,2,2,0,0,0,0,7,7,0,20,18,2,232,50,182,44,25,19,3,3,0,16,16,0,0,0,0,20,18,2,1143,488,655,0,0,0
"2019M10",3412,2137,1275,22,19,3,50,36,14,18,18,0,21,20,1,8,5,3,90,81,9,32,18,14,150,45,105,62,56,6,6,6,0,6,6,0,3,3,0,23,23,0,44,39,5,127,92,35,14,10,4,8,6,2,0,0,0,2,2,0,10,9,1,1,1,0,34,30,4,20,18,2,5,3,2,44,41,3,1,1,0,5,4,1,6,6,0,12,12,0,4,4,0,19,18,1,41,41,0,1,1,0,28,21,7,33,29,4,32,15,17,16,13,3,83,33,50,105,21,84,13,13,0,14,7,7,15,13,2,51,30,21,32,30,2,20,18,2,3,2,1,4,4,0,7,7,0,2,2,0,15,15,0,60,60,0,216,138,78,130,128,2,15,13,2,17,17,0,13,13,0,0,0,0,0,0,0,8,8,0,25,20,5,116,64,52,46,28,18,6,6,0,16,16,0,1,0,1,20,14,6,1361,665,696,0,0,0
"2019M11",3238,2006,1232,31,21,10,49,43,6,16,16,0,29,27,2,9,5,4,80,76,4,28,15,13,149,44,105,53,51,2,2,2,0,0,0,0,3,3,0,37,30,7,37,34,3,82,63,19,15,14,1,14,12,2,0,0,0,0,0,0,3,3,0,1,1,0,24,21,3,60,23,37,6,6,0,37,37,0,3,3,0,7,6,1,6,6,0,7,6,1,6,6,0,14,14,0,71,58,13,6,6,0,31,31,0,15,12,3,37,31,6,25,18,7,52,24,28,196,27,169,14,9,5,8,6,2,11,10,1,42,39,3,9,9,0,32,29,3,5,5,0,6,5,1,5,5,0,4,4,0,6,6,0,52,51,1,294,124,170,121,114,7,17,15,2,9,9,0,17,13,4,3,3,0,0,0,0,9,9,0,21,16,5,94,53,41,53,37,16,1,1,0,20,13,7,2,2,0,22,22,0,1120,602,518,0,0,0
"2019M12",2955,1702,1253,22,19,3,25,24,1,5,5,0,19,19,0,8,8,0,77,72,5,34,25,9,123,24,99,43,39,4,0,0,0,3,3,0,1,0,1,21,21,0,30,29,1,93,63,30,9,8,1,7,6,1,0,0,0,4,4,0,10,9,1,1,1,0,33,24,9,15,14,1,3,3,0,47,46,1,5,3,2,4,2,2,1,0,1,9,7,2,7,6,1,7,7,0,16,16,0,5,5,0,14,11,3,17,17,0,28,24,4,19,19,0,36,28,8,199,28,171,14,14,0,5,3,2,2,2,0,39,28,11,17,13,4,32,29,3,3,3,0,8,5,3,4,4,0,1,1,0,8,8,0,41,32,9,214,111,103,90,89,1,6,6,0,14,14,0,16,13,3,4,4,0,0,0,0,5,4,1,19,17,2,119,47,72,34,23,11,2,2,0,22,21,1,2,2,0,8,7,1,1226,561,665,0,0,0
"2020M01",2564,1584,980,16,15,1,20,16,4,4,4,0,20,18,2,9,4,5,58,57,1,19,10,9,58,32,26,54,50,4,3,3,0,2,2,0,0,0,0,18,17,1,10,10,0,115,82,33,9,7,2,5,1,4,6,0,6,1,1,0,6,3,3,0,0,0,55,23,32,21,20,1,10,10,0,45,39,6,2,2,0,5,5,0,3,3,0,7,7,0,4,4,0,18,18,0,34,30,4,5,5,0,21,17,4,15,15,0,36,9,27,17,16,1,36,25,11,76,22,54,7,7,0,12,6,6,1,1,0,30,30,0,56,10,46,21,19,2,6,6,0,10,10,0,1,1,0,1,1,0,4,4,0,52,47,5,245,129,116,123,100,23,10,10,0,20,19,1,6,6,0,2,2,0,0,0,0,5,5,0,21,19,2,80,24,56,25,20,5,7,7,0,8,8,0,2,2,0,16,15,1,950,474,476,0,0,0
"2020M02",3285,1994,1291,31,26,5,39,31,8,22,22,0,29,27,2,10,10,0,65,53,12,35,27,8,136,52,84,50,35,15,0,0,0,4,4,0,1,0,1,17,17,0,27,27,0,141,107,34,17,9,8,4,4,0,0,0,0,8,8,0,3,3,0,2,2,0,62,36,26,52,17,35,10,10,0,67,54,13,6,6,0,8,8,0,3,3,0,14,13,1,0,0,0,26,13,13,51,50,1,1,1,0,25,9,16,10,10,0,42,13,29,35,33,2,52,44,8,162,28,134,10,8,2,12,11,1,3,3,0,35,35,0,24,8,16,14,14,0,3,3,0,4,4,0,3,3,0,5,4,1,8,8,0,44,42,2,209,107,102,134,128,6,12,12,0,17,15,2,16,12,4,5,5,0,0,0,0,13,13,0,22,14,8,120,64,56,41,20,21,4,4,0,14,13,1,1,1,0,13,12,1,1232,619,613,0,0,0
"2020M03",2915,1732,1183,20,17,3,37,33,4,11,11,0,29,20,9,12,12,0,71,67,4,9,9,0,110,47,63,50,45,5,3,3,0,4,4,0,3,3,0,22,22,0,29,27,2,94,88,6,6,6,0,16,14,2,0,0,0,1,1,0,5,5,0,1,1,0,28,24,4,10,10,0,3,2,1,51,24,27,2,2,0,12,8,4,3,2,1,15,13,2,5,5,0,15,15,0,30,28,2,5,5,0,20,14,6,22,22,0,59,18,41,21,21,0,20,18,2,36,20,16,26,14,12,10,8,2,5,5,0,15,15,0,17,15,2,24,24,0,3,3,0,2,2,0,2,1,1,3,3,0,7,6,1,27,27,0,252,139,113,139,135,4,11,9,2,18,16,2,8,6,2,0,0,0,0,0,0,8,8,0,24,20,4,166,46,120,27,22,5,9,6,3,17,17,0,5,5,0,13,13,0,1187,481,706,0,0,0
"2020M04",2174,1364,810,19,19,0,27,23,4,9,9,0,20,19,1,7,7,0,69,57,12,13,13,0,75,41,34,39,39,0,1,1,0,2,2,0,2,2,0,24,21,3,18,18,0,60,48,12,4,3,1,3,3,0,0,0,0,0,0,0,11,8,3,1,1,0,45,20,25,16,14,2,3,2,1,8,8,0,0,0,0,8,7,1,5,5,0,4,4,0,0,0,0,14,12,2,37,14,23,4,4,0,12,11,1,9,9,0,19,15,4,2,2,0,13,6,7,34,19,15,11,11,0,9,9,0,4,4,0,32,29,3,14,11,3,12,9,3,3,2,1,1,1,0,2,2,0,3,3,0,4,4,0,44,30,14,218,96,122,104,104,0,10,5,5,8,8,0,5,3,2,0,0,0,0,0,0,2,1,1,19,18,1,103,40,63,19,12,7,2,2,0,6,6,0,0,0,0,8,8,0,894,460,434,0,0,0
"2020M05",3562,1934,1628,23,23,0,49,35,14,18,18,0,24,23,1,11,11,0,73,53,20,20,13,7,137,31,106,39,37,2,2,2,0,6,6,0,2,2,0,26,24,2,40,37,3,121,104,17,12,8,4,6,5,1,0,0,0,1,1,0,11,7,4,2,2,0,31,30,1,40,13,27,13,11,2,62,62,0,5,5,0,6,6,0,3,3,0,21,17,4,6,5,1,17,14,3,51,46,5,4,4,0,46,15,31,21,14,7,30,25,5,27,24,3,40,17,23,167,24,143,22,16,6,9,8,1,9,9,0,33,30,3,7,7,0,18,18,0,6,6,0,3,2,1,4,4,0,1,1,0,11,11,0,51,45,6,382,141,241,172,151,21,16,13,3,13,11,2,10,5,5,2,2,0,3,2,1,14,13,1,24,22,2,104,34,70,40,30,10,7,5,2,8,8,0,1,1,0,12,11,1,1367,551,816,0,0,0
"2020M06",3477,1885,1592,19,14,5,22,22,0,11,11,0,25,25,0,7,6,1,87,71,16,35,19,16,153,33,120,59,34,25,1,1,0,6,6,0,1,1,0,25,23,2,33,29,4,137,114,23,20,17,3,5,5,0,0,0,0,1,1,0,5,5,0,0,0,0,36,30,6,32,9,23,17,15,2,53,31,22,2,2,0,10,10,0,3,3,0,11,9,2,8,8,0,18,18,0,114,30,84,5,5,0,31,19,12,24,18,6,19,14,5,39,25,14,31,23,8,99,18,81,11,9,2,4,4,0,10,9,1,65,41,24,17,16,1,27,27,0,3,1,2,2,2,0,2,2,0,3,3,0,12,12,0,38,36,2,228,110,118,197,156,41,10,10,0,13,9,4,8,8,0,2,2,0,0,0,0,11,10,1,29,25,4,93,58,35,19,16,3,7,7,0,9,9,0,1,1,0,13,12,1,1439,566,873,0,0,0
"2020M07",3391,1938,1453,23,17,6,58,54,4,17,17,0,20,20,0,3,3,0,82,61,21,32,19,13,113,37,76,46,35,11,6,6,0,2,2,0,0,0,0,28,28,0,36,34,2,136,84,52,14,11,3,11,11,0,4,4,0,0,0,0,8,7,1,1,1,0,70,53,17,21,15,6,14,14,0,35,31,4,4,4,0,7,7,0,2,2,0,21,19,2,2,2,0,15,15,0,37,34,3,2,2,0,14,14,0,15,15,0,33,18,15,24,21,3,25,17,8,56,34,22,11,11,0,9,9,0,8,8,0,82,63,19,20,20,0,27,22,5,3,2,1,0,0,0,2,2,0,5,5,0,6,6,0,50,50,0,178,109,69,125,123,2,1,1,0,15,13,2,8,8,0,3,1,2,0,0,0,5,5,0,30,25,5,92,46,46,53,53,0,7,4,3,28,22,6,3,3,0,14,13,1,1569,546,1023,0,0,0
"2020M08",3156,1800,1356,18,18,0,55,45,10,19,19,0,23,20,3,6,6,0,82,75,7,31,9,22,102,29,73,33,22,11,2,2,0,6,5,1,1,1,0,29,25,4,31,28,3,115,87,28,9,9,0,13,9,4,1,1,0,3,3,0,9,8,1,0,0,0,60,47,13,13,8,5,11,5,6,42,38,4,5,5,0,5,5,0,5,5,0,32,12,20,3,3,0,7,7,0,26,23,3,6,6,0,21,16,5,15,12,3,28,19,9,19,19,0,95,36,59,84,18,66,10,9,1,3,2,1,9,9,0,49,47,2,17,8,9,10,10,0,4,4,0,5,5,0,1,1,0,4,4,0,10,10,0,40,39,1,216,106,110,127,121,6,10,9,1,14,14,0,8,7,1,5,5,0,0,0,0,6,6,0,20,19,1,68,44,24,33,27,6,5,3,2,6,6,0,2,2,0,18,18,0,1391,560,831,0,0,0
"2020M09",3605,2052,1553,36,23,13,42,41,1,17,17,0,19,19,0,9,9,0,93,81,12,11,10,1,135,51,84,62,55,7,5,5,0,7,7,0,4,4,0,34,34,0,49,44,5,98,83,15,19,14,5,9,8,1,2,2,0,3,3,0,5,4,1,2,2,0,53,39,14,70,27,43,6,4,2,39,36,3,2,2,0,8,8,0,3,3,0,12,10,2,1,0,1,10,10,0,34,30,4,4,4,0,13,13,0,21,21,0,9,4,5,29,17,12,67,33,34,68,20,48,15,13,2,10,10,0,13,13,0,81,73,8,21,7,14,23,23,0,2,2,0,3,3,0,5,5,0,2,2,0,5,4,1,53,49,4,183,138,45,162,161,1,11,11,0,12,12,0,5,4,1,2,2,0,0,0,0,8,8,0,16,12,4,61,32,29,32,22,10,6,5,1,13,11,2,6,5,1,11,11,0,1734,617,1117,0,0,0
"2020M10",3659,1956,1703,23,19,4,34,34,0,18,18,0,23,22,1,13,11,2,101,91,10,34,19,15,143,58,85,52,40,12,5,5,0,7,7,0,0,0,0,23,22,1,48,40,8,128,59,69,19,14,5,5,5,0,0,0,0,0,0,0,14,10,4,4,4,0,27,23,4,16,13,3,8,3,5,56,54,2,3,3,0,7,7,0,3,3,0,11,9,2,4,4,0,5,5,0,26,26,0,4,4,0,27,21,6,19,17,2,28,14,14,13,9,4,51,37,14,180,36,144,14,12,2,11,11,0,6,6,0,62,59,3,16,9,7,16,16,0,4,4,0,1,1,0,9,6,3,3,3,0,17,17,0,51,51,0,320,137,183,127,126,1,20,20,0,24,24,0,9,7,2,3,3,0,0,0,0,12,10,2,33,14,19,93,44,49,36,21,15,9,7,2,7,7,0,0,0,0,10,10,0,1564,565,999,0,0,0
"2020M11",3881,2056,1825,30,28,2,49,37,12,29,27,2,27,26,1,9,9,0,98,92,6,29,17,12,133,58,75,39,35,4,7,7,0,5,5,0,0,0,0,29,29,0,36,34,2,95,69,26,20,17,3,4,3,1,4,0,4,0,0,0,12,8,4,1,1,0,68,44,24,47,22,25,14,10,4,55,52,3,7,7,0,6,5,1,4,4,0,14,8,6,4,4,0,17,15,2,51,45,6,3,3,0,24,15,9,16,14,2,27,17,10,25,16,9,92,26,66,78,16,62,25,21,4,11,11,0,10,10,0,41,40,1,21,13,8,32,26,6,1,1,0,9,8,1,1,1,0,5,5,0,14,13,1,54,52,2,317,143,174,161,151,10,19,16,3,23,18,5,6,2,4,1,1,0,0,0,0,5,4,1,20,19,1,75,53,22,39,30,9,11,9,2,9,8,1,7,5,2,16,14,2,1740,557,1183,0,0,0
"2020M12",3751,1917,1834,32,32,0,75,45,30,23,23,0,25,25,0,7,7,0,80,66,14,14,10,4,115,58,57,58,40,18,5,4,1,5,5,0,2,2,0,26,23,3,51,45,6,222,75,147,19,16,3,7,7,0,2,2,0,4,4,0,9,7,2,2,2,0,38,30,8,9,7,2,2,2,0,58,49,9,3,3,0,7,5,2,6,6,0,13,13,0,7,7,0,12,12,0,33,31,2,1,1,0,20,14,6,21,13,8,39,22,17,11,5,6,131,28,103,154,20,134,14,12,2,8,8,0,9,9,0,25,23,2,23,19,4,21,13,8,3,2,1,5,5,0,1,1,0,2,2,0,11,11,0,47,47,0,234,125,109,155,149,6,16,10,6,23,23,0,7,6,1,3,1,2,5,5,0,14,14,0,12,11,1,75,42,33,48,31,17,7,7,0,14,14,0,3,2,1,29,20,9,1589,539,1050,0,0,0
"2021M01",3025,1487,1538,29,23,6,52,51,1,16,16,0,26,16,10,2,2,0,71,63,8,15,10,5,121,36,85,26,26,0,5,5,0,2,2,0,1,1,0,26,25,1,32,28,4,101,49,52,13,11,2,6,6,0,4,0,4,1,1,0,9,8,1,1,1,0,40,33,7,23,22,1,15,5,10,32,31,1,0,0,0,5,3,2,0,0,0,12,12,0,4,4,0,12,9,3,29,25,4,2,2,0,12,12,0,23,13,10,17,12,5,27,9,18,74,31,43,20,14,6,43,7,36,6,6,0,23,9,14,29,29,0,12,12,0,14,12,2,1,1,0,6,6,0,2,2,0,5,5,0,9,9,0,42,38,4,237,77,160,109,105,4,12,12,0,7,7,0,5,4,1,2,2,0,0,0,0,4,4,0,14,14,0,52,29,23,44,31,13,5,5,0,8,8,0,3,3,0,15,14,1,1410,419,991,0,0,0
"2021M02",3129,1944,1185,33,33,0,42,31,11,10,10,0,33,31,2,13,9,4,65,58,7,32,20,12,163,60,103,62,60,2,0,0,0,5,5,0,0,0,0,17,17,0,40,35,5,110,78,32,27,22,5,8,8,0,0,0,0,1,1,0,6,4,2,1,1,0,53,26,27,68,11,57,5,4,1,50,48,2,3,3,0,6,6,0,14,6,8,13,13,0,11,10,1,19,18,1,59,41,18,6,6,0,32,28,4,18,17,1,25,22,3,12,10,2,30,25,5,91,27,64,25,19,6,5,5,0,8,8,0,33,33,0,12,12,0,25,23,2,3,3,0,8,8,0,5,5,0,5,5,0,7,7,0,92,90,2,195,102,93,121,113,8,12,10,2,20,20,0,3,3,0,2,2,0,0,0,0,11,11,0,33,25,8,75,50,25,37,31,6,6,4,2,2,2,0,1,1,0,24,24,0,1176,524,652,0,0,0
"2021M03",4222,2442,1780,29,27,2,114,71,43,20,19,1,21,18,3,13,12,1,104,90,14,34,23,11,139,66,73,106,56,50,11,10,1,7,7,0,14,10,4,29,24,5,58,55,3,142,101,41,28,23,5,11,11,0,1,1,0,2,2,0,10,5,5,0,0,0,60,26,34,24,21,3,10,9,1,97,53,44,7,7,0,9,8,1,9,9,0,10,10,0,14,14,0,58,16,42,56,54,2,7,7,0,45,37,8,16,13,3,23,22,1,20,15,5,74,43,31,90,39,51,21,14,7,8,8,0,6,6,0,69,58,11,22,17,5,16,16,0,4,3,1,7,5,2,7,7,0,0,0,0,16,16,0,101,99,2,323,175,148,189,173,16,17,15,2,22,22,0,7,5,2,5,4,1,1,1,0,14,14,0,26,24,2,84,43,41,58,31,27,9,7,2,16,15,1,5,5,0,25,23,2,1622,602,1020,0,0,0
"2021M04",3995,2140,1855,30,24,6,72,53,19,25,25,0,30,28,2,11,8,3,93,80,13,42,26,16,83,47,36,41,34,7,4,4,0,7,7,0,0,0,0,34,31,3,59,55,4,181,71,110,36,32,4,6,6,0,0,0,0,2,2,0,19,11,8,0,0,0,31,23,8,23,22,1,5,5,0,98,40,58,5,5,0,10,10,0,7,7,0,14,12,2,11,11,0,16,15,1,47,47,0,12,6,6,27,25,2,35,28,7,34,25,9,13,11,2,101,21,80,72,42,30,15,12,3,7,7,0,10,10,0,42,35,7,34,23,11,19,18,1,2,1,1,4,4,0,3,3,0,3,3,0,9,9,0,84,84,0,344,133,211,159,149,10,17,15,2,15,15,0,11,11,0,3,2,1,0,0,0,20,13,7,32,28,4,123,62,61,44,26,18,6,6,0,12,12,0,2,2,0,16,14,2,1623,544,1079,0,0,0
"2021M05",4201,2426,1775,43,29,14,55,45,10,24,24,0,25,23,2,27,20,7,111,99,12,46,44,2,213,65,148,66,60,6,4,3,1,7,7,0,10,10,0,35,29,6,56,52,4,100,61,39,26,16,10,10,8,2,0,0,0,0,0,0,18,13,5,0,0,0,43,32,11,22,20,2,7,7,0,55,54,1,6,6,0,7,7,0,3,3,0,13,11,2,3,3,0,19,19,0,54,44,10,5,5,0,23,22,1,24,24,0,23,19,4,27,16,11,160,26,134,43,21,22,18,16,2,7,7,0,13,13,0,55,44,11,23,13,10,16,15,1,4,4,0,12,12,0,9,9,0,3,3,0,10,10,0,87,71,16,339,134,205,188,188,0,31,27,4,22,22,0,12,12,0,2,2,0,0,0,0,9,9,0,29,27,2,118,64,54,34,30,4,7,7,0,10,10,0,2,2,0,20,20,0,1708,708,1000,0,0,0
"2021M06",4316,2374,1942,43,40,3,81,62,19,20,20,0,33,29,4,16,12,4,113,103,10,53,31,22,140,47,93,50,41,9,4,4,0,6,6,0,4,3,1,34,33,1,53,44,9,127,92,35,53,33,20,4,4,0,2,2,0,1,1,0,12,7,5,2,2,0,36,25,11,12,12,0,17,16,1,49,47,2,14,14,0,8,8,0,3,3,0,21,20,1,6,5,1,19,18,1,61,60,1,11,11,0,47,35,12,21,20,1,29,15,14,31,16,15,40,21,19,69,23,46,18,18,0,3,3,0,18,17,1,50,41,9,39,15,24,16,15,1,8,7,1,13,11,2,2,2,0,4,4,0,15,14,1,87,68,19,312,146,166,159,159,0,21,20,1,20,18,2,12,10,2,3,3,0,1,1,0,10,10,0,29,25,4,135,85,50,26,25,1,10,10,0,18,18,0,4,4,0,28,22,6,1910,618,1292,0,0,0
"2021M07",4222,2316,1906,31,25,6,101,68,33,18,17,1,35,32,3,16,12,4,111,98,13,59,50,9,148,48,100,53,52,1,11,11,0,8,6,2,0,0,0,27,27,0,38,33,5,119,61,58,21,17,4,7,6,1,5,1,4,2,1,1,22,17,5,3,3,0,45,24,21,63,17,46,7,7,0,53,47,6,4,4,0,14,12,2,4,4,0,20,19,1,13,13,0,15,14,1,47,45,2,2,2,0,45,41,4,26,24,2,30,14,16,20,18,2,67,25,42,63,14,49,20,16,4,1,1,0,17,16,1,52,45,7,26,16,10,40,26,14,6,6,0,10,10,0,8,8,0,7,7,0,22,22,0,72,66,6,340,127,213,199,172,27,21,20,1,33,21,12,5,4,1,4,4,0,1,1,0,22,22,0,25,22,3,129,57,72,61,31,30,9,9,0,12,12,0,2,2,0,14,14,0,1691,630,1061,0,0,0
"2021M08",4508,2194,2314,41,33,8,45,45,0,22,21,1,27,24,3,23,22,1,112,102,10,37,34,3,178,59,119,40,38,2,1,1,0,7,7,0,4,4,0,20,16,4,44,26,18,121,59,62,39,21,18,11,10,1,4,2,2,3,3,0,7,5,2,0,0,0,47,25,22,36,26,10,10,10,0,59,42,17,7,7,0,7,7,0,5,5,0,10,10,0,3,3,0,15,15,0,37,37,0,11,11,0,37,24,13,23,19,4,14,14,0,24,23,1,101,12,89,57,22,35,15,13,2,9,9,0,50,12,38,40,35,5,10,7,3,18,18,0,5,5,0,4,4,0,4,4,0,2,2,0,18,17,1,64,60,4,360,142,218,208,192,16,12,10,2,23,23,0,7,7,0,1,1,0,0,0,0,14,14,0,26,25,1,93,48,45,29,23,6,3,3,0,15,15,0,2,2,0,25,25,0,2162,634,1528,0,0,0
"2021M09",4521,2211,2310,34,27,7,52,46,6,26,26,0,34,27,7,26,23,3,112,100,12,30,26,4,173,45,128,94,74,20,7,6,1,8,7,1,2,1,1,29,29,0,41,35,6,107,68,39,30,26,4,13,12,1,2,2,0,6,6,0,18,6,12,0,0,0,111,30,81,59,20,39,9,8,1,53,50,3,5,5,0,6,6,0,10,4,6,22,22,0,7,5,2,26,26,0,43,39,4,4,4,0,31,20,11,43,26,17,33,21,12,22,8,14,221,8,213,40,29,11,16,16,0,9,9,0,13,11,2,45,36,9,7,7,0,32,32,0,1,1,0,8,8,0,8,6,2,9,7,2,13,13,0,74,74,0,398,145,253,167,149,18,41,41,0,28,22,6,12,10,2,1,1,0,1,1,0,20,17,3,34,28,6,158,80,78,63,21,42,9,9,0,21,19,2,7,7,0,46,29,17,1691,489,1202,0,0,0
"2021M10",4048,2102,1946,28,25,3,82,38,44,19,18,1,35,28,7,16,16,0,93,88,5,23,22,1,103,38,65,65,57,8,7,7,0,8,8,0,0,0,0,43,35,8,31,29,2,163,119,44,44,29,15,27,11,16,3,2,1,4,4,0,16,6,10,0,0,0,26,18,8,28,12,16,13,13,0,63,51,12,2,2,0,13,13,0,3,3,0,20,15,5,4,4,0,18,16,2,40,35,5,3,3,0,24,22,2,22,22,0,45,25,20,57,31,26,68,12,56,125,14,111,11,7,4,5,4,1,9,7,2,35,31,4,33,14,19,23,19,4,2,2,0,6,6,0,9,9,0,6,6,0,17,17,0,52,51,1,366,149,217,205,161,44,29,29,0,15,15,0,6,6,0,2,2,0,0,0,0,9,8,1,28,24,4,96,59,37,54,25,29,2,2,0,9,8,1,3,3,0,18,18,0,1614,529,1085,0,0,0
"2021M11",4692,2128,2564,36,34,2,82,59,23,25,25,0,35,31,4,25,18,7,137,94,43,34,19,15,150,46,104,60,57,3,4,4,0,16,8,8,5,5,0,18,18,0,46,42,4,129,112,17,37,34,3,8,8,0,0,0,0,2,1,1,18,15,3,2,2,0,35,31,4,13,13,0,8,8,0,55,55,0,3,3,0,7,7,0,8,7,1,25,23,2,9,9,0,20,19,1,52,41,11,4,4,0,24,13,11,26,20,6,61,20,41,56,11,45,100,12,88,121,24,97,45,14,31,7,7,0,18,16,2,27,26,1,12,10,2,16,16,0,6,6,0,11,7,4,8,8,0,3,3,0,16,12,4,55,55,0,367,153,214,134,120,14,15,12,3,13,12,1,9,9,0,4,4,0,0,0,0,16,10,6,23,23,0,99,69,30,47,18,29,8,8,0,20,20,0,1,1,0,28,28,0,2188,509,1679,0,0,0
"2021M12",4128,1823,2305,52,36,16,26,25,1,22,22,0,32,28,4,9,5,4,84,70,14,28,16,12,138,31,107,66,33,33,3,3,0,9,9,0,10,1,9,24,24,0,57,45,12,100,82,18,27,17,10,12,12,0,1,1,0,5,5,0,14,6,8,3,3,0,53,24,29,35,12,23,6,6,0,44,29,15,1,1,0,4,3,1,7,6,1,19,15,4,6,3,3,23,21,2,32,29,3,1,1,0,16,14,2,80,14,66,40,24,16,37,10,27,31,8,23,169,20,149,27,13,14,8,7,1,18,18,0,45,45,0,16,16,0,10,10,0,5,5,0,6,6,0,7,7,0,4,4,0,29,21,8,85,83,2,424,129,295,90,82,8,25,24,1,22,18,4,6,6,0,0,0,0,0,0,0,5,5,0,24,24,0,116,48,68,51,28,23,5,4,1,10,10,0,3,3,0,27,13,14,1734,480,1254,0,0,0
"2022M01",2835,1435,1400,21,20,1,49,45,4,13,12,1,19,17,2,10,9,1,86,60,26,21,10,11,62,20,42,65,29,36,0,0,0,7,7,0,1,1,0,33,16,17,28,26,2,63,34,29,26,12,14,4,4,0,1,1,0,0,0,0,12,10,2,0,0,0,19,15,4,32,17,15,8,8,0,34,34,0,5,3,2,10,9,1,2,2,0,10,4,6,1,1,0,10,10,0,11,11,0,5,4,1,29,19,10,13,10,3,16,14,2,31,7,24,62,17,45,26,12,14,10,6,4,8,3,5,0,0,0,27,27,0,30,21,9,7,7,0,2,1,1,3,3,0,6,5,1,1,1,0,5,5,0,66,66,0,270,110,160,126,122,4,25,23,2,19,18,1,10,10,0,4,4,0,0,0,0,9,9,0,15,13,2,63,37,26,53,23,30,5,5,0,6,6,0,1,1,0,17,16,1,1202,363,839,0,0,0
"2022M02",4195,1950,2245,48,39,9,69,61,8,27,27,0,21,20,1,12,9,3,85,49,36,35,26,9,102,44,58,57,53,4,5,5,0,7,7,0,1,1,0,24,21,3,23,21,2,93,52,41,37,25,12,6,6,0,1,1,0,3,3,0,15,6,9,0,0,0,22,18,4,22,14,8,9,9,0,50,48,2,3,3,0,15,15,0,5,5,0,6,6,0,4,4,0,15,14,1,33,24,9,2,2,0,39,22,17,21,19,2,48,14,34,27,3,24,107,49,58,60,19,41,18,16,2,23,7,16,8,8,0,61,49,12,25,15,10,12,11,1,4,4,0,8,5,3,5,4,1,7,7,0,25,22,3,124,110,14,601,169,432,150,115,35,27,21,6,12,11,1,8,8,0,4,4,0,0,0,0,18,11,7,23,22,1,152,47,105,42,23,19,9,9,0,15,13,2,2,2,0,12,12,0,1641,461,1180,0,0,0
"2022M03",5303,2303,3000,40,28,12,64,54,10,35,34,1,47,44,3,12,8,4,105,94,11,25,20,5,180,31,149,81,66,15,5,5,0,10,10,0,10,4,6,40,39,1,41,40,1,142,71,71,34,29,5,21,19,2,0,0,0,4,4,0,12,6,6,2,2,0,33,20,13,27,16,11,12,11,1,47,33,14,6,6,0,14,8,6,6,5,1,24,17,7,11,11,0,24,21,3,37,36,1,3,1,2,63,16,47,27,25,2,65,32,33,46,26,20,153,22,131,84,24,60,15,15,0,3,2,1,14,12,2,70,69,1,27,11,16,18,17,1,3,3,0,12,12,0,7,4,3,8,8,0,20,19,1,79,64,15,593,205,388,161,151,10,32,31,1,29,29,0,10,10,0,1,1,0,0,0,0,9,9,0,28,28,0,131,62,69,65,38,27,11,11,0,22,21,1,4,2,2,26,26,0,2313,505,1808,0,0,0
"2022M04",3719,1653,2066,41,36,5,48,46,2,16,14,2,31,26,5,6,4,2,69,57,12,30,30,0,121,7,114,77,31,46,1,1,0,11,11,0,0,0,0,20,20,0,39,28,11,105,48,57,29,17,12,2,2,0,1,1,0,2,2,0,17,7,10,0,0,0,27,10,17,19,14,5,2,2,0,34,20,14,12,8,4,5,5,0,4,3,1,19,18,1,8,8,0,24,24,0,33,24,9,7,7,0,13,7,6,9,8,1,26,17,9,22,15,7,143,9,134,65,24,41,14,12,2,4,4,0,7,5,2,62,57,5,31,17,14,39,29,10,1,1,0,7,7,0,0,0,0,8,8,0,12,10,2,50,50,0,326,106,220,148,139,9,14,11,3,13,13,0,9,7,2,6,6,0,0,0,0,13,13,0,14,14,0,106,71,35,45,8,37,10,10,0,11,11,0,3,3,0,14,13,1,1614,417,1197,0,0,0
"2022M05",4528,2047,2481,29,25,4,71,61,10,11,11,0,31,29,2,16,12,4,90,66,24,45,45,0,114,32,82,93,61,32,4,4,0,6,6,0,2,2,0,29,29,0,57,37,20,100,59,41,28,28,0,17,9,8,0,0,0,7,7,0,17,7,10,0,0,0,32,26,6,31,18,13,12,11,1,33,29,4,9,9,0,5,5,0,5,5,0,30,21,9,4,4,0,31,31,0,35,35,0,4,4,0,36,15,21,20,11,9,50,17,33,29,12,17,167,31,136,76,16,60,21,17,4,6,6,0,6,6,0,61,52,9,15,8,7,32,27,5,3,3,0,22,18,4,21,9,12,4,4,0,15,14,1,65,65,0,408,149,259,176,167,9,37,18,19,23,21,2,7,7,0,3,3,0,0,0,0,11,7,4,40,38,2,120,54,66,82,25,57,10,10,0,13,11,2,4,4,0,19,15,4,1928,459,1469,0,0,0
"2022M06",4037,1751,2286,20,19,1,74,58,16,19,17,2,23,20,3,14,8,6,96,81,15,33,27,6,108,25,83,89,40,49,3,3,0,5,5,0,1,1,0,28,27,1,64,41,23,66,50,16,40,19,21,5,5,0,12,1,11,2,2,0,11,6,5,2,2,0,26,16,10,19,11,8,11,8,3,25,22,3,13,11,2,12,11,1,6,5,1,23,13,10,11,11,0,14,14,0,21,19,2,8,8,0,20,19,1,16,15,1,10,9,1,19,10,9,98,30,68,51,11,40,14,9,5,10,10,0,4,4,0,37,30,7,25,11,14,19,19,0,6,4,2,11,9,2,9,9,0,9,6,3,16,15,1,61,59,2,378,130,248,210,188,22,33,25,8,20,20,0,7,5,2,6,6,0,0,0,0,7,7,0,14,14,0,96,49,47,49,25,24,7,7,0,12,12,0,5,2,3,23,18,5,1831,358,1473,0,0,0
"2022M07",4100,1730,2370,33,32,1,72,59,13,20,20,0,46,31,15,14,14,0,94,82,12,17,17,0,113,10,103,80,36,44,5,4,1,7,7,0,3,3,0,19,16,3,26,26,0,92,44,48,41,25,16,4,4,0,0,0,0,2,2,0,11,5,6,2,1,1,23,20,3,73,14,59,7,7,0,31,29,2,5,5,0,6,6,0,5,5,0,14,14,0,10,10,0,32,31,1,52,29,23,8,8,0,22,18,4,28,28,0,20,13,7,18,7,11,106,22,84,36,18,18,27,19,8,13,13,0,31,14,17,56,52,4,21,16,5,25,25,0,5,5,0,13,12,1,8,8,0,1,1,0,13,13,0,56,48,8,377,157,220,137,135,2,10,9,1,24,24,0,11,9,2,2,2,0,0,0,0,13,13,0,21,19,2,151,58,93,20,10,10,5,5,0,8,8,0,2,2,0,28,20,8,1825,311,1514,0,0,0
"2022M08",4547,1927,2620,29,28,1,201,88,113,15,15,0,31,29,2,6,5,1,151,93,58,17,16,1,201,37,164,57,40,17,6,6,0,16,13,3,3,3,0,17,15,2,33,30,3,88,71,17,38,13,25,20,10,10,0,0,0,2,2,0,26,7,19,1,1,0,44,40,4,17,15,2,7,7,0,27,23,4,3,3,0,7,7,0,3,3,0,19,17,2,3,3,0,18,18,0,32,25,7,10,10,0,25,21,4,38,35,3,19,9,10,15,6,9,95,32,63,52,8,44,6,4,2,7,7,0,9,7,2,74,62,12,39,13,26,26,22,4,2,2,0,3,3,0,11,7,4,14,4,10,16,15,1,57,53,4,528,154,374,185,182,3,16,9,7,16,16,0,11,10,1,2,2,0,0,0,0,8,8,0,28,28,0,114,41,73,50,13,37,6,6,0,19,17,2,7,5,2,19,18,1,1882,415,1467,0,0,0
"2022M09",4600,1848,2752,25,23,2,71,57,14,10,10,0,14,13,1,12,12,0,79,74,5,15,13,2,113,38,75,68,33,35,3,3,0,11,11,0,2,2,0,36,26,10,35,27,8,91,62,29,25,25,0,5,5,0,0,0,0,2,2,0,9,5,4,0,0,0,53,20,33,28,10,18,4,4,0,13,13,0,2,2,0,6,6,0,5,5,0,9,6,3,3,3,0,25,21,4,57,40,17,4,1,3,11,11,0,18,16,2,14,14,0,21,16,5,34,12,22,207,18,189,32,15,17,8,5,3,7,7,0,65,51,14,44,9,35,20,20,0,7,3,4,14,10,4,2,2,0,3,3,0,33,32,1,53,44,9,405,200,205,195,158,37,34,32,2,27,27,0,6,5,1,4,4,0,1,1,0,9,9,0,19,18,1,172,60,112,44,18,26,5,5,0,22,20,2,0,0,0,16,16,0,2213,415,1798,0,0,0
"2022M10",3568,1541,2027,16,14,2,56,47,9,8,8,0,16,14,2,14,14,0,116,86,30,13,13,0,95,24,71,75,35,40,0,0,0,14,8,6,0,0,0,42,36,6,28,27,1,38,34,4,28,22,6,13,13,0,0,0,0,4,4,0,3,3,0,1,1,0,10,10,0,10,6,4,10,10,0,27,21,6,8,8,0,3,3,0,5,4,1,9,5,4,4,4,0,9,7,2,24,19,5,5,5,0,20,16,4,19,15,4,16,7,9,32,8,24,83,12,71,43,22,21,26,18,8,7,7,0,9,9,0,51,29,22,13,5,8,27,11,16,1,1,0,5,5,0,5,5,0,11,3,8,15,15,0,69,68,1,434,124,310,132,125,7,22,20,2,11,11,0,7,5,2,2,2,0,0,0,0,14,7,7,20,12,8,121,71,50,19,14,5,10,10,0,11,10,1,3,3,0,17,17,0,1589,349,1240,0,0,0
"2022M11",4649,1837,2812,36,36,0,157,40,117,13,13,0,20,18,2,4,4,0,64,52,12,28,20,8,125,34,91,111,37,74,4,3,1,11,6,5,4,2,2,35,29,6,46,33,13,89,45,44,18,9,9,13,7,6,2,0,2,0,0,0,21,12,9,1,1,0,31,23,8,17,15,2,16,12,4,51,40,11,5,5,0,8,4,4,7,6,1,15,11,4,5,5,0,10,10,0,38,24,14,4,4,0,30,17,13,23,14,9,16,11,5,37,8,29,152,7,145,268,10,258,12,7,5,8,8,0,11,11,0,67,63,4,8,8,0,23,18,5,1,1,0,5,3,2,11,10,1,4,4,0,13,12,1,72,68,4,456,126,330,170,145,25,27,18,9,23,23,0,11,10,1,4,4,0,0,0,0,8,8,0,31,31,0,94,64,30,41,17,24,8,8,0,18,17,1,4,4,0,23,23,0,1961,499,1462,0,0,0
"2022M12",3457,1378,2079,47,31,16,32,26,6,12,11,1,25,23,2,9,9,0,52,46,6,26,20,6,110,26,84,60,20,40,3,3,0,1,1,0,1,1,0,33,30,3,27,26,1,53,41,12,31,10,21,5,5,0,0,0,0,7,7,0,8,8,0,0,0,0,25,21,4,15,11,4,7,7,0,16,16,0,6,4,2,5,5,0,0,0,0,9,9,0,3,3,0,9,9,0,23,23,0,7,6,1,40,12,28,39,14,25,5,5,0,43,13,30,169,13,156,192,18,174,8,8,0,9,9,0,11,11,0,30,29,1,25,20,5,30,21,9,0,0,0,6,6,0,2,2,0,2,2,0,22,22,0,80,58,22,436,125,311,136,119,17,31,22,9,4,4,0,2,1,1,1,1,0,0,0,0,12,12,0,17,11,6,76,29,47,22,13,9,5,5,0,13,10,3,2,2,0,18,16,2,1302,287,1015,0,0,0
"2023M01",2777,1067,1710,30,16,14,39,32,7,10,10,0,23,22,1,6,3,3,40,26,14,35,22,13,80,14,66,35,16,19,5,5,0,2,2,0,0,0,0,24,22,2,31,26,5,56,16,40,7,7,0,4,3,1,0,0,0,6,6,0,13,4,9,0,0,0,16,10,6,62,6,56,4,4,0,104,23,81,2,0,2,0,0,0,3,3,0,13,9,4,1,1,0,11,11,0,17,17,0,3,3,0,57,5,52,49,5,44,8,7,1,27,3,24,23,10,13,66,9,57,28,15,13,3,3,0,7,7,0,25,25,0,24,4,20,15,15,0,2,2,0,6,6,0,3,3,0,1,1,0,14,14,0,32,28,4,287,100,187,129,75,54,26,23,3,21,18,3,3,3,0,5,5,0,0,0,0,9,4,5,28,21,7,53,35,18,52,13,39,3,3,0,10,9,1,3,2,1,12,12,0,1064,243,821,0,0,0
"2023M02",2972,1303,1669,62,33,29,31,30,1,15,13,2,15,14,1,9,4,5,56,47,9,25,14,11,93,10,83,62,17,45,5,3,2,4,4,0,0,0,0,27,27,0,25,16,9,89,21,68,44,26,18,6,3,3,0,0,0,1,1,0,6,4,2,1,1,0,20,10,10,20,19,1,5,5,0,19,15,4,1,1,0,4,4,0,2,1,1,13,13,0,4,4,0,18,16,2,31,24,7,3,3,0,18,17,1,9,8,1,16,11,5,15,11,4,57,14,43,76,9,67,17,9,8,6,6,0,6,6,0,46,26,20,9,9,0,13,13,0,3,3,0,7,6,1,4,4,0,2,2,0,12,9,3,48,44,4,275,121,154,138,105,33,16,14,2,14,14,0,8,6,2,2,2,0,0,0,0,8,8,0,14,8,6,67,43,24,36,20,16,4,4,0,11,9,2,3,3,0,7,5,2,1289,331,958,0,0,0
"2023M03",3971,1586,2385,42,25,17,56,37,19,13,12,1,25,25,0,8,6,2,73,56,17,11,11,0,138,35,103,66,24,42,4,3,1,15,15,0,1,1,0,47,31,16,23,22,1,128,24,104,16,11,5,8,7,1,2,2,0,5,4,1,32,12,20,1,1,0,46,36,10,23,12,11,3,3,0,67,18,49,3,3,0,11,11,0,4,4,0,16,12,4,2,2,0,42,18,24,50,29,21,1,1,0,23,16,7,34,14,20,14,12,2,16,9,7,63,18,45,36,13,23,19,14,5,3,3,0,23,11,12,78,54,24,6,6,0,38,17,21,4,4,0,4,4,0,6,6,0,1,1,0,21,14,7,45,45,0,378,133,245,150,100,50,21,21,0,21,21,0,8,7,1,2,2,0,0,0,0,5,5,0,32,30,2,60,34,26,42,15,27,5,5,0,7,7,0,1,1,0,9,5,4,1814,426,1388,0,0,0
"2023M04",2761,1123,1638,15,15,0,59,20,39,7,7,0,14,12,2,6,3,3,35,22,13,7,7,0,80,20,60,29,18,11,1,1,0,7,7,0,1,1,0,22,16,6,18,11,7,41,17,24,32,12,20,4,4,0,0,0,0,3,3,0,21,11,10,0,0,0,35,15,20,25,13,12,7,7,0,16,14,2,1,1,0,7,7,0,3,3,0,10,10,0,4,4,0,4,4,0,63,17,46,1,1,0,12,12,0,14,14,0,11,7,4,20,6,14,43,5,38,11,4,7,8,8,0,6,6,0,9,9,0,27,27,0,42,11,31,28,20,8,1,1,0,6,6,0,5,5,0,3,3,0,12,11,1,50,43,7,239,84,155,84,76,8,25,17,8,14,12,2,0,0,0,1,1,0,0,0,0,5,5,0,29,27,2,96,25,71,35,9,26,1,1,0,7,7,0,3,3,0,5,5,0,1331,350,981,0,0,0
"2023M05",3725,1643,2082,30,29,1,42,40,2,6,6,0,24,13,11,11,7,4,72,45,27,13,13,0,135,22,113,34,31,3,2,1,1,11,10,1,5,5,0,23,22,1,12,8,4,87,24,63,97,54,43,9,8,1,1,0,1,14,14,0,10,6,4,1,1,0,55,21,34,30,22,8,8,8,0,19,17,2,5,5,0,16,4,12,3,3,0,23,18,5,5,5,0,11,11,0,57,24,33,4,4,0,16,10,6,14,11,3,21,10,11,46,15,31,94,45,49,150,12,138,9,7,2,12,12,0,11,10,1,33,33,0,34,27,7,26,26,0,3,3,0,15,7,8,6,6,0,7,7,0,16,16,0,79,66,13,369,158,211,114,101,13,23,20,3,21,21,0,7,5,2,4,4,0,0,0,0,8,8,0,45,42,3,120,45,75,72,13,59,2,2,0,13,7,6,4,3,1,18,16,2,1438,374,1064,0,0,0
"2023M06",3402,1515,1887,20,20,0,33,31,2,17,16,1,14,14,0,14,10,4,82,54,28,28,14,14,188,36,152,44,29,15,1,1,0,11,9,2,4,4,0,36,20,16,21,21,0,77,16,61,14,10,4,8,7,1,0,0,0,4,4,0,22,8,14,4,4,0,39,18,21,22,13,9,7,7,0,32,31,1,7,7,0,5,5,0,3,1,2,14,9,5,10,10,0,23,18,5,42,26,16,2,2,0,15,15,0,35,20,15,21,11,10,26,8,18,31,11,20,20,5,15,17,13,4,2,2,0,5,5,0,25,15,10,11,8,3,14,14,0,11,2,9,8,6,2,2,2,0,6,6,0,17,17,0,66,58,8,397,136,261,108,77,31,34,30,4,11,11,0,7,7,0,7,7,0,0,0,0,18,13,5,21,20,1,149,63,86,34,22,12,12,10,2,16,16,0,5,4,1,26,14,12,1377,392,985,0,0,0
"2023M07",3058,1183,1875,55,17,38,49,36,13,7,7,0,17,16,1,12,8,4,53,31,22,21,16,5,104,19,85,22,19,3,1,1,0,6,6,0,1,1,0,16,16,0,20,17,3,101,37,64,56,38,18,6,6,0,0,0,0,5,5,0,16,8,8,1,1,0,20,15,5,31,19,12,5,5,0,21,18,3,3,3,0,8,8,0,3,3,0,7,5,2,2,2,0,18,6,12,12,12,0,5,5,0,14,9,5,24,8,16,35,3,32,10,6,4,40,20,20,36,9,27,17,11,6,4,4,0,9,9,0,26,26,0,18,17,1,21,10,11,3,3,0,17,15,2,7,5,2,2,2,0,9,9,0,50,43,7,278,88,190,58,47,11,28,22,6,17,8,9,3,3,0,1,1,0,0,0,0,6,6,0,20,19,1,70,31,39,24,17,7,3,3,0,10,7,3,2,2,0,9,9,0,1483,305,1178,0,0,0
"2023M08",3170,1243,1927,20,19,1,56,34,22,3,3,0,26,14,12,2,2,0,63,47,16,23,14,9,141,32,109,57,14,43,1,1,0,7,7,0,0,0,0,46,40,6,42,13,29,71,32,39,14,13,1,13,8,5,0,0,0,1,1,0,11,1,10,0,0,0,32,9,23,36,14,22,4,4,0,18,16,2,4,2,2,5,5,0,2,2,0,4,4,0,1,1,0,9,5,4,26,19,7,2,2,0,153,7,146,41,16,25,28,4,24,21,7,14,96,20,76,45,19,26,20,13,7,1,1,0,4,3,1,16,15,1,34,5,29,12,8,4,0,0,0,13,11,2,4,4,0,2,2,0,15,13,2,83,47,36,272,99,173,187,87,100,10,10,0,19,19,0,4,3,1,0,0,0,0,0,0,8,8,0,15,14,1,87,47,40,61,13,48,5,5,0,14,13,1,2,2,0,16,13,3,1142,337,805,0,0,0
"2023M09",2898,1200,1698,18,10,8,32,32,0,6,6,0,21,21,0,9,5,4,51,35,16,16,15,1,70,26,44,25,20,5,4,4,0,5,5,0,1,1,0,46,34,12,24,17,7,54,22,32,47,18,29,7,7,0,0,0,0,3,3,0,11,7,4,3,3,0,22,21,1,10,8,2,4,4,0,19,12,7,3,3,0,8,7,1,2,2,0,11,8,3,1,1,0,5,5,0,36,16,20,1,1,0,12,8,4,62,12,50,14,8,6,11,3,8,45,4,41,26,9,17,24,9,15,1,1,0,12,3,9,21,21,0,7,7,0,34,8,26,0,0,0,1,1,0,5,5,0,12,2,10,6,6,0,79,63,16,411,120,291,46,41,5,12,11,1,7,7,0,6,2,4,0,0,0,1,0,1,7,7,0,15,14,1,82,36,46,40,15,25,8,8,0,11,10,1,5,3,2,11,8,3,1289,369,920,0,0,0
"2023M10",3060,1255,1805,25,21,4,67,42,25,14,12,2,16,10,6,11,7,4,68,64,4,20,20,0,53,10,43,32,23,9,2,2,0,8,8,0,1,1,0,38,25,13,29,23,6,28,20,8,14,10,4,20,12,8,0,0,0,2,2,0,24,3,21,0,0,0,10,7,3,18,2,16,2,2,0,39,26,13,0,0,0,10,10,0,1,1,0,5,5,0,1,1,0,12,11,1,24,14,10,2,2,0,9,8,1,34,14,20,8,8,0,36,19,17,80,13,67,16,14,2,12,10,2,5,0,5,37,6,31,30,26,4,45,7,38,35,17,18,0,0,0,5,5,0,6,6,0,7,2,5,8,7,1,79,53,26,490,113,377,119,67,52,21,13,8,13,13,0,6,6,0,0,0,0,0,0,0,8,8,0,28,24,4,77,41,36,39,7,32,3,3,0,13,10,3,4,4,0,12,12,0,1179,323,856,0,0,0
"2023M11",2958,1462,1496,33,27,6,37,33,4,17,17,0,16,13,3,5,2,3,48,42,6,24,24,0,70,31,39,32,29,3,1,1,0,11,11,0,1,1,0,50,44,6,30,19,11,48,29,19,39,14,25,8,6,2,0,0,0,1,1,0,11,5,6,1,1,0,18,14,4,28,11,17,8,8,0,23,18,5,4,4,0,8,6,2,7,3,4,11,11,0,2,2,0,10,10,0,23,21,2,3,3,0,17,16,1,32,10,22,3,3,0,15,15,0,48,6,42,33,18,15,16,12,4,6,6,0,3,3,0,30,29,1,23,10,13,15,9,6,2,2,0,3,3,0,2,2,0,3,3,0,9,6,3,66,58,8,402,157,245,148,85,63,39,15,24,13,11,2,3,3,0,1,1,0,0,0,0,12,9,3,23,19,4,110,47,63,49,20,29,3,3,0,21,19,2,2,2,0,14,14,0,1164,385,779,0,0,0
"2023M12",2487,1095,1392,12,10,2,51,16,35,7,7,0,12,10,2,11,10,1,51,47,4,26,24,2,127,30,97,20,14,6,2,2,0,3,3,0,2,2,0,25,21,4,24,21,3,22,11,11,30,12,18,7,2,5,0,0,0,8,4,4,6,5,1,0,0,0,26,18,8,105,21,84,4,4,0,24,19,5,3,3,0,3,3,0,2,2,0,12,12,0,2,2,0,17,13,4,43,12,31,1,1,0,8,8,0,67,7,60,4,4,0,7,4,3,50,17,33,14,9,5,10,7,3,7,7,0,1,1,0,14,14,0,13,1,12,8,4,4,1,1,0,15,1,14,2,2,0,10,1,9,6,4,2,63,58,5,345,125,220,60,42,18,19,7,12,16,16,0,2,2,0,1,1,0,0,0,0,5,4,1,15,13,2,64,33,31,32,12,20,2,2,0,8,4,4,0,0,0,12,12,0,918,311,607,0,0,0
"2024M01",1991,899,1092,15,15,0,42,24,18,1,1,0,4,4,0,3,3,0,52,45,7,4,4,0,28,7,21,29,11,18,1,1,0,3,2,1,0,0,0,9,5,4,13,12,1,28,25,3,22,16,6,2,1,1,0,0,0,2,2,0,7,6,1,0,0,0,30,15,15,12,1,11,5,4,1,17,16,1,1,1,0,2,2,0,2,2,0,13,4,9,2,2,0,8,3,5,61,18,43,8,1,7,40,30,10,16,7,9,4,4,0,5,4,1,22,5,17,26,8,18,28,16,12,4,4,0,5,3,2,11,11,0,8,4,4,35,13,22,6,5,1,5,5,0,3,2,1,0,0,0,9,9,0,54,36,18,184,88,96,52,38,14,19,15,4,5,5,0,3,3,0,1,1,0,0,0,0,3,3,0,18,14,4,58,38,20,31,9,22,2,2,0,8,6,2,1,1,0,14,13,1,885,244,641,0,0,0
"2024M02",2795,1297,1498,34,34,0,65,18,47,5,5,0,13,12,1,3,3,0,38,31,7,20,11,9,73,30,43,29,24,5,3,3,0,4,4,0,1,1,0,30,25,5,53,15,38,61,32,29,50,27,23,19,10,9,0,0,0,2,2,0,25,13,12,1,1,0,29,15,14,12,10,2,3,3,0,27,26,1,3,1,2,3,3,0,2,2,0,14,7,7,5,5,0,19,14,5,33,17,16,2,2,0,25,11,14,6,6,0,21,3,18,41,21,20,47,6,41,35,10,25,12,12,0,5,5,0,9,8,1,27,21,6,8,8,0,16,12,4,2,2,0,7,5,2,1,1,0,5,5,0,8,8,0,65,48,17,266,136,130,64,59,5,13,12,1,9,9,0,8,8,0,0,0,0,0,0,0,6,6,0,31,24,7,90,40,50,19,15,4,3,3,0,13,11,2,3,3,0,15,15,0,1234,358,876,0,0,0
"2024M03",2931,1251,1680,42,41,1,80,19,61,6,5,1,15,13,2,10,2,8,56,47,9,13,4,9,115,36,79,24,22,2,5,3,2,7,7,0,2,1,1,21,19,2,23,10,13,28,20,8,50,15,35,15,10,5,0,0,0,1,1,0,6,6,0,0,0,0,15,15,0,28,4,24,2,2,0,18,16,2,3,2,1,3,3,0,0,0,0,13,11,2,2,2,0,9,7,2,27,23,4,0,0,0,23,10,13,85,13,72,9,5,4,19,7,12,93,20,73,36,13,23,8,7,1,2,2,0,14,14,0,16,16,0,11,10,1,6,5,1,2,2,0,9,6,3,1,1,0,4,4,0,6,6,0,53,39,14,310,134,176,131,92,39,14,14,0,11,8,3,3,2,1,1,1,0,0,0,0,5,5,0,21,20,1,97,56,41,18,11,7,2,2,0,8,8,0,0,0,0,15,12,3,1259,340,919,0,0,0
"2024M04",2926,1354,1572,23,11,12,21,19,2,10,7,3,21,16,5,5,5,0,63,47,16,20,17,3,58,18,40,35,24,11,0,0,0,1,1,0,1,0,1,22,22,0,10,8,2,77,46,31,99,32,67,3,3,0,1,1,0,0,0,0,11,6,5,2,2,0,33,24,9,19,11,8,3,3,0,11,11,0,0,0,0,10,10,0,2,2,0,11,7,4,3,3,0,8,8,0,21,19,2,2,2,0,16,9,7,14,4,10,21,10,11,11,5,6,45,13,32,41,12,29,5,4,1,4,4,0,14,10,4,28,27,1,10,7,3,62,9,53,1,1,0,5,4,1,5,4,1,6,6,0,14,11,3,70,44,26,316,148,168,111,97,14,26,14,12,17,11,6,4,4,0,0,0,0,0,0,0,1,1,0,28,23,5,82,39,43,44,14,30,4,4,0,17,17,0,2,2,0,14,14,0,1282,397,885,0,0,0
"2024M05",3175,1555,1620,40,26,14,35,22,13,6,6,0,11,10,1,1,1,0,61,53,8,10,8,2,82,32,50,34,32,2,6,6,0,7,6,1,12,1,11,16,16,0,18,15,3,60,28,32,88,60,28,7,7,0,0,0,0,2,2,0,40,25,15,0,0,0,18,14,4,15,11,4,8,8,0,21,16,5,3,3,0,9,9,0,0,0,0,9,4,5,2,2,0,33,32,1,34,20,14,3,0,3,21,14,7,14,10,4,31,12,19,39,11,28,28,6,22,29,14,15,9,9,0,3,3,0,6,6,0,23,20,3,43,27,16,15,9,6,2,2,0,6,6,0,5,5,0,6,3,3,17,12,5,50,39,11,447,166,281,127,113,14,16,10,6,15,15,0,4,4,0,1,1,0,0,0,0,11,11,0,21,17,4,128,57,71,45,9,36,4,4,0,24,23,1,1,1,0,17,11,6,1276,430,846,0,0,0
"2024M06",2178,1122,1056,9,9,0,17,14,3,8,8,0,17,16,1,1,1,0,50,40,10,12,11,1,128,31,97,45,9,36,2,2,0,1,1,0,2,2,0,32,21,11,13,12,1,15,10,5,36,14,22,9,8,1,0,0,0,6,3,3,11,8,3,1,1,0,18,15,3,45,8,37,4,4,0,29,12,17,1,1,0,3,3,0,0,0,0,5,4,1,6,6,0,29,29,0,34,18,16,2,2,0,27,13,14,17,17,0,1,1,0,21,8,13,29,3,26,16,12,4,8,5,3,1,1,0,4,4,0,29,29,0,2,2,0,9,9,0,0,0,0,4,4,0,8,6,2,2,2,0,11,9,2,43,33,10,302,134,168,137,108,29,11,11,0,14,9,5,4,2,2,3,3,0,1,1,0,15,5,10,21,17,4,56,31,25,21,12,9,2,2,0,14,9,5,5,5,0,5,4,1,744,288,456,0,0,0
"2024M07",3352,1685,1667,23,21,2,37,15,22,8,8,0,31,19,12,6,5,1,44,41,3,22,15,7,71,32,39,33,19,14,5,1,4,7,7,0,1,1,0,23,23,0,25,13,12,59,27,32,52,18,34,14,11,3,0,0,0,5,5,0,10,1,9,1,1,0,31,22,9,35,23,12,4,4,0,61,29,32,0,0,0,6,4,2,2,2,0,9,8,1,11,3,8,11,11,0,46,34,12,2,2,0,43,18,25,11,8,3,3,3,0,64,8,56,37,8,29,22,10,12,16,10,6,1,1,0,6,6,0,42,27,15,18,11,7,15,4,11,5,4,1,7,7,0,11,9,2,4,4,0,24,16,8,58,45,13,351,141,210,110,90,20,27,12,15,13,13,0,5,5,0,0,0,0,0,0,0,11,7,4,16,16,0,385,279,106,38,10,28,1,1,0,11,10,1,2,2,0,10,10,0,1290,465,825,0,0,0
"2024M08",2881,1422,1459,19,19,0,51,19,32,8,7,1,16,15,1,0,0,0,56,42,14,19,15,4,115,34,81,36,31,5,1,1,0,5,5,0,4,4,0,34,17,17,20,18,2,27,23,4,31,10,21,15,9,6,0,0,0,7,4,3,8,6,2,1,1,0,20,14,6,42,11,31,7,7,0,42,30,12,2,2,0,0,0,0,1,1,0,9,9,0,1,1,0,14,10,4,26,22,4,0,0,0,53,27,26,12,12,0,5,3,2,13,2,11,46,11,35,18,4,14,9,9,0,9,8,1,8,6,2,32,32,0,21,5,16,14,14,0,3,1,2,8,8,0,11,11,0,3,3,0,15,14,1,46,39,7,323,169,154,98,76,22,33,16,17,16,9,7,5,5,0,3,3,0,0,0,0,8,8,0,34,28,6,91,50,41,51,17,34,3,2,1,5,5,0,8,8,0,12,12,0,1228,418,810,0,0,0
"2024M09",2943,1378,1565,12,12,0,35,28,7,9,9,0,22,20,2,1,1,0,66,34,32,21,16,5,32,14,18,23,21,2,0,0,0,7,7,0,0,0,0,21,20,1,13,11,2,75,37,38,26,10,16,11,11,0,3,3,0,0,0,0,13,4,9,6,6,0,21,12,9,21,11,10,5,5,0,32,13,19,1,1,0,13,3,10,4,4,0,14,8,6,4,3,1,8,8,0,51,25,26,2,2,0,19,18,1,14,14,0,4,3,1,9,5,4,26,22,4,19,16,3,10,7,3,5,3,2,9,5,4,19,19,0,41,3,38,32,14,18,1,1,0,7,7,0,6,4,2,4,4,0,19,14,5,52,49,3,269,141,128,172,81,91,21,19,2,10,10,0,11,11,0,1,1,0,0,0,0,9,9,0,18,18,0,109,73,36,67,18,49,1,1,0,10,10,0,3,3,0,12,12,0,1362,404,958,0,0,0
"2024M10",2850,1363,1487,14,14,0,30,24,6,11,8,3,11,11,0,4,4,0,55,53,2,8,6,2,68,18,50,40,36,4,1,1,0,12,12,0,2,2,0,38,23,15,33,18,15,29,14,15,31,21,10,18,12,6,0,0,0,3,3,0,13,7,6,3,3,0,23,21,2,40,10,30,4,4,0,29,22,7,1,1,0,13,7,6,1,1,0,12,9,3,8,5,3,11,10,1,61,21,40,1,1,0,15,7,8,24,9,15,16,4,12,14,12,2,20,4,16,19,10,9,10,10,0,1,1,0,7,6,1,20,20,0,9,8,1,13,11,2,2,2,0,3,3,0,10,2,8,4,4,0,11,10,1,87,60,27,362,142,220,110,83,27,17,17,0,12,9,3,5,5,0,0,0,0,0,0,0,3,3,0,22,20,2,127,65,62,30,24,6,5,4,1,8,7,1,4,4,0,11,11,0,1221,384,837,0,0,0
"2024M11",3100,1402,1698,50,49,1,27,22,5,4,4,0,13,12,1,3,3,0,68,44,24,21,15,6,46,14,32,37,27,10,1,1,0,4,4,0,1,1,0,23,21,2,7,7,0,31,17,14,142,35,107,8,8,0,2,2,0,5,2,3,9,8,1,12,5,7,40,35,5,21,9,12,1,1,0,31,19,12,2,2,0,6,6,0,4,4,0,14,12,2,1,1,0,15,15,0,35,32,3,0,0,0,17,16,1,24,8,16,17,5,12,22,16,6,48,23,25,87,10,77,20,19,1,4,4,0,7,7,0,31,31,0,16,9,7,14,14,0,4,4,0,8,6,2,7,7,0,5,5,0,13,10,3,50,33,17,401,139,262,108,71,37,23,21,2,9,4,5,5,4,1,1,1,0,0,0,0,10,10,0,33,25,8,161,60,101,35,16,19,4,4,0,9,9,0,6,5,1,11,11,0,1206,358,848,0,0,0
"2024M12",2478,1052,1426,7,7,0,24,24,0,7,7,0,14,14,0,2,2,0,38,35,3,18,14,4,68,14,54,34,13,21,3,3,0,0,0,0,2,2,0,19,17,2,24,20,4,28,27,1,51,8,43,15,3,12,0,0,0,3,3,0,24,23,1,1,1,0,29,12,17,34,8,26,2,2,0,26,10,16,3,3,0,5,4,1,2,2,0,10,7,3,2,2,0,5,5,0,29,22,7,2,2,0,11,11,0,45,5,40,9,4,5,11,10,1,55,14,41,14,8,6,10,8,2,7,7,0,3,3,0,16,16,0,11,8,3,6,6,0,3,3,0,4,4,0,9,5,4,11,1,10,10,9,1,46,39,7,349,100,249,107,90,17,18,15,3,14,14,0,4,2,2,3,3,0,0,0,0,4,4,0,33,24,9,130,41,89,27,18,9,2,2,0,13,11,2,1,1,0,9,9,0,952,241,711,0,0,0
"2025M01",2203,1077,1126,11,7,4,27,20,7,3,3,0,13,11,2,2,2,0,36,29,7,16,10,6,52,12,40,22,17,5,2,2,0,1,1,0,0,0,0,25,21,4,30,11,19,41,22,19,27,15,12,6,1,5,0,0,0,1,0,1,17,8,9,15,13,2,16,13,3,17,2,15,5,5,0,37,16,21,4,2,2,6,6,0,0,0,0,14,12,2,1,1,0,12,11,1,33,19,14,1,1,0,25,17,8,9,9,0,5,5,0,38,18,20,56,5,51,11,8,3,6,4,2,4,4,0,2,2,0,15,15,0,21,9,12,13,9,4,6,6,0,3,3,0,6,5,1,0,0,0,10,6,4,57,53,4,177,79,98,134,94,40,16,14,2,9,9,0,9,9,0,2,2,0,0,0,0,5,5,0,23,14,9,116,32,84,44,14,30,1,1,0,6,6,0,2,2,0,12,6,6,867,319,548,0,0,0
"2025M02",2578,1191,1387,13,13,0,32,14,18,30,5,25,15,15,0,0,0,0,50,40,10,23,15,8,87,21,66,64,37,27,4,4,0,4,4,0,2,2,0,26,21,5,41,22,19,30,19,11,44,8,36,8,6,2,0,0,0,1,1,0,4,2,2,8,4,4,12,12,0,5,3,2,8,8,0,30,23,7,2,2,0,3,1,2,2,2,0,9,3,6,4,2,2,10,10,0,29,22,7,2,2,0,11,11,0,13,9,4,16,10,6,24,10,14,33,5,28,27,15,12,11,11,0,4,3,1,5,5,0,30,27,3,19,8,11,27,7,20,1,1,0,4,4,0,9,4,5,4,4,0,4,4,0,50,50,0,291,110,181,85,73,12,17,13,4,7,7,0,3,1,2,1,1,0,0,0,0,3,3,0,13,10,3,122,41,81,28,9,19,7,7,0,9,9,0,4,2,2,8,8,0,1086,366,720,0,0,0
"2025M03",3398,1374,2024,13,13,0,32,19,13,8,8,0,16,16,0,2,2,0,56,47,9,24,20,4,107,26,81,50,39,11,1,1,0,5,5,0,0,0,0,33,17,16,34,20,14,31,21,10,24,16,8,17,16,1,1,1,0,11,6,5,8,8,0,4,4,0,16,13,3,14,7,7,2,2,0,29,19,10,2,2,0,4,2,2,3,3,0,7,7,0,4,3,1,17,14,3,27,18,9,5,3,2,33,16,17,25,18,7,72,9,63,31,11,20,63,11,52,139,8,131,13,11,2,2,1,1,3,3,0,9,9,0,13,2,11,13,13,0,3,2,1,4,3,1,4,4,0,5,3,2,14,12,2,55,39,16,309,122,187,104,78,26,14,14,0,21,11,10,9,4,5,1,1,0,0,0,0,8,8,0,24,19,5,186,43,143,30,17,13,9,9,0,15,4,11,3,3,0,22,21,1,1535,447,1088,0,0,0
"2025M04",2418,1148,1270,11,11,0,43,30,13,13,13,0,14,13,1,4,4,0,37,31,6,19,15,4,94,23,71,38,19,19,3,3,0,4,4,0,0,0,0,23,13,10,25,13,12,29,29,0,21,11,10,12,10,2,0,0,0,0,0,0,13,3,10,2,2,0,16,10,6,10,9,1,2,1,1,31,21,10,1,1,0,0,0,0,18,3,15,9,9,0,5,5,0,8,3,5,27,27,0,1,1,0,12,12,0,13,9,4,17,6,11,32,5,27,16,4,12,36,13,23,9,9,0,4,2,2,4,4,0,19,19,0,9,7,2,16,16,0,2,2,0,4,4,0,4,3,1,2,2,0,25,7,18,42,40,2,219,87,132,84,69,15,20,16,4,12,12,0,6,5,1,2,2,0,0,0,0,4,4,0,29,20,9,162,44,118,49,22,27,9,8,1,12,11,1,4,1,3,26,13,13,981,333,648,0,0,0
"2025M05",3151,1464,1687,46,18,28,36,36,0,3,3,0,10,10,0,3,3,0,53,43,10,30,29,1,51,21,30,46,27,19,3,3,0,6,6,0,0,0,0,32,25,7,37,26,11,36,20,16,26,12,14,8,6,2,0,0,0,16,2,14,19,15,4,2,2,0,14,4,10,17,7,10,6,6,0,22,11,11,1,1,0,4,4,0,7,7,0,9,8,1,2,2,0,10,10,0,27,21,6,1,1,0,37,16,21,14,10,4,14,7,7,24,11,13,42,9,33,29,7,22,9,7,2,3,3,0,6,3,3,47,47,0,39,4,35,6,6,0,1,1,0,9,9,0,4,3,1,3,3,0,17,12,5,52,35,17,421,184,237,133,97,36,36,25,11,11,8,3,5,2,3,1,1,0,1,1,0,9,8,1,22,17,5,98,54,44,43,21,22,2,2,0,17,15,2,4,4,0,17,17,0,1392,426,966,0,0,0
"2025M06",2627,1302,1325,19,19,0,30,24,6,7,7,0,12,12,0,3,3,0,58,51,7,22,19,3,57,34,23,29,25,4,3,3,0,2,2,0,0,0,0,28,26,2,32,19,13,47,30,17,17,14,3,4,4,0,0,0,0,5,5,0,5,3,2,3,1,2,42,20,22,14,11,3,2,2,0,16,13,3,2,2,0,3,3,0,2,2,0,22,12,10,3,2,1,12,11,1,29,12,17,0,0,0,10,7,3,13,13,0,42,7,35,23,10,13,22,10,12,12,9,3,13,2,11,7,7,0,3,3,0,21,19,2,23,9,14,22,12,10,3,3,0,5,5,0,6,4,2,5,5,0,5,5,0,53,39,14,232,93,139,187,153,34,18,18,0,15,13,2,9,6,3,0,0,0,0,0,0,8,7,1,21,18,3,75,43,32,27,7,20,6,6,0,17,14,3,0,0,0,19,13,6,1175,351,824,0,0,0
"2025M07",3252,1512,1740,15,15,0,41,33,8,7,6,1,13,8,5,3,3,0,52,36,16,16,10,6,81,26,55,42,36,6,3,3,0,10,10,0,5,1,4,25,18,7,15,14,1,50,17,33,26,13,13,14,14,0,0,0,0,1,1,0,14,13,1,3,1,2,51,23,28,29,11,18,7,6,1,17,16,1,3,3,0,5,3,2,4,4,0,10,8,2,4,1,3,15,11,4,22,20,2,1,1,0,26,11,15,101,19,82,15,12,3,32,12,20,34,9,25,27,10,17,11,10,1,12,5,7,1,1,0,37,28,9,33,14,19,14,11,3,2,2,0,2,2,0,3,3,0,5,5,0,1,1,0,73,65,8,385,137,248,159,135,24,34,34,0,17,13,4,6,2,4,1,1,0,0,0,0,11,11,0,33,20,13,113,49,64,87,18,69,5,5,0,9,7,2,3,3,0,14,14,0,1342,458,884,0,0,0
"2025M08",3080,1492,1588,13,11,2,31,15,16,13,13,0,21,16,5,7,7,0,33,21,12,26,19,7,104,33,71,42,33,9,7,6,1,6,6,0,3,3,0,42,27,15,12,9,3,55,15,40,19,16,3,10,4,6,0,0,0,2,2,0,28,6,22,1,1,0,29,20,9,20,17,3,3,3,0,18,13,5,10,6,4,3,2,1,2,2,0,4,4,0,7,7,0,9,9,0,56,18,38,3,3,0,14,14,0,19,18,1,22,1,21,7,2,5,41,13,28,41,11,30,18,15,3,1,1,0,4,4,0,26,24,2,24,16,8,20,18,2,7,4,3,5,5,0,5,5,0,5,3,2,12,10,2,65,47,18,329,169,160,113,94,19,16,16,0,6,6,0,4,3,1,2,2,0,0,0,0,6,4,2,22,18,4,172,45,127,28,21,7,0,0,0,8,8,0,7,3,4,16,10,6,1376,515,861,0,0,0
"2025M09",3747,1601,2146,15,15,0,28,24,4,11,11,0,20,17,3,3,3,0,77,49,28,18,13,5,52,19,33,54,35,19,1,1,0,4,4,0,2,2,0,31,26,5,12,9,3,36,17,19,24,12,12,15,6,9,1,1,0,0,0,0,2,1,1,3,3,0,52,18,34,11,9,2,4,4,0,56,24,32,2,2,0,11,5,6,4,4,0,16,9,7,4,1,3,17,15,2,25,20,5,5,4,1,27,16,11,10,10,0,9,5,4,48,14,34,42,7,35,55,11,44,11,11,0,3,2,1,6,6,0,24,22,2,31,8,23,11,9,2,1,1,0,5,5,0,8,8,0,3,3,0,15,14,1,64,43,21,437,140,297,208,173,35,15,15,0,12,12,0,4,2,2,2,2,0,0,0,0,6,6,0,29,24,5,320,65,255,42,18,24,8,8,0,14,11,3,10,5,5,24,23,1,1627,519,1108,0,0,0
"2025M10",3520,1568,1952,21,21,0,39,26,13,11,11,0,26,16,10,4,4,0,49,39,10,12,10,2,69,28,41,78,30,48,2,2,0,4,4,0,0,0,0,17,16,1,27,18,9,109,40,69,53,11,42,14,12,2,0,0,0,3,3,0,33,16,17,1,1,0,22,15,7,21,8,13,1,1,0,25,20,5,4,2,2,8,6,2,0,0,0,19,8,11,1,1,0,14,10,4,32,28,4,4,3,1,15,11,4,34,19,15,13,7,6,24,6,18,63,6,57,75,19,56,11,10,1,5,5,0,5,3,2,33,17,16,6,6,0,18,18,0,2,1,1,9,9,0,4,4,0,15,15,0,11,8,3,63,57,6,419,137,282,167,150,17,45,39,6,7,7,0,14,8,6,3,3,0,0,0,0,15,12,3,22,12,10,121,73,48,43,19,24,10,9,1,13,9,4,5,5,0,29,17,12,1478,437,1041,0,0,0
"2025M11",3517,1607,1910,29,20,9,42,34,8,7,7,0,19,13,6,8,8,0,82,39,43,29,11,18,81,23,58,88,27,61,1,1,0,11,9,2,1,1,0,21,15,6,17,16,1,79,23,56,46,15,31,10,10,0,0,0,0,1,1,0,4,4,0,0,0,0,10,10,0,31,5,26,5,5,0,44,35,9,1,1,0,2,2,0,0,0,0,9,4,5,4,4,0,19,17,2,26,17,9,4,4,0,28,17,11,23,10,13,46,15,31,15,6,9,47,23,24,23,13,10,9,7,2,0,0,0,5,5,0,22,20,2,43,16,27,9,9,0,4,3,1,3,3,0,2,1,1,3,3,0,13,5,8,88,51,37,465,128,337,202,154,48,29,23,6,9,9,0,13,12,1,2,2,0,0,0,0,4,4,0,13,12,1,145,61,84,39,20,19,7,7,0,19,17,2,2,2,0,13,13,0,1441,555,886,0,0,0
"2025M12",3128,1299,1829,21,18,3,47,29,18,9,9,0,10,7,3,8,7,1,78,38,40,20,14,6,42,20,22,33,18,15,2,2,0,2,1,1,1,1,0,19,14,5,19,13,6,35,11,24,32,23,9,5,4,1,0,0,0,1,1,0,23,22,1,0,0,0,31,15,16,56,8,48,4,4,0,36,15,21,1,1,0,5,5,0,1,1,0,8,6,2,0,0,0,5,5,0,79,20,59,1,1,0,23,9,14,18,16,2,43,12,31,23,13,10,23,10,13,44,17,27,24,8,16,4,3,1,5,5,0,13,13,0,6,5,1,5,4,1,3,3,0,4,3,1,0,0,0,1,1,0,11,11,0,78,67,11,400,112,288,185,143,42,38,20,18,17,15,2,4,2,2,1,1,0,0,0,0,4,4,0,15,14,1,99,42,57,36,13,23,5,2,3,20,18,2,7,7,0,18,13,5,1317,360,957,0,0,0
"2026M01",2528,1190,1338,7,7,0,32,15,17,1,1,0,11,6,5,5,3,2,28,19,9,22,16,6,46,12,34,23,18,5,1,1,0,2,2,0,1,1,0,14,10,4,28,22,6,36,23,13,14,10,4,22,14,8,0,0,0,3,0,3,25,10,15,0,0,0,21,12,9,21,12,9,4,4,0,35,13,22,4,4,0,7,7,0,3,3,0,27,8,19,2,2,0,5,4,1,51,13,38,9,9,0,14,14,0,8,8,0,30,17,13,17,10,7,18,11,7,17,10,7,7,4,3,2,2,0,3,3,0,26,24,2,11,5,6,44,13,31,1,1,0,3,3,0,1,1,0,2,2,0,10,4,6,55,36,19,226,97,129,161,138,23,30,26,4,9,8,1,9,7,2,0,0,0,0,0,0,6,6,0,12,11,1,189,50,139,23,19,4,4,4,0,18,13,5,2,2,0,31,25,6,1029,335,694,0,0,0
"2026M02",3168,1532,1636,17,12,5,21,18,3,11,10,1,16,10,6,1,1,0,66,29,37,33,25,8,46,14,32,34,21,13,1,1,0,11,10,1,1,1,0,28,15,13,40,23,17,132,28,104,22,12,10,9,9,0,0,0,0,8,3,5,15,4,11,4,2,2,15,12,3,15,12,3,4,4,0,23,17,6,4,2,2,3,3,0,3,3,0,13,13,0,7,1,6,10,10,0,28,21,7,6,5,1,9,8,1,15,14,1,17,6,11,23,15,8,27,17,10,20,12,8,18,7,11,4,4,0,5,5,0,9,9,0,47,15,32,25,16,9,3,3,0,5,5,0,9,8,1,5,5,0,14,10,4,65,35,30,441,155,286,208,163,45,25,25,0,14,14,0,8,5,3,2,2,0,0,0,0,11,11,0,17,15,2,124,54,70,43,9,34,4,3,1,10,9,1,2,2,0,13,12,1,1279,508,771,0,0,0
"Table information:"
"Units:"
"Number, Magnitude = Units"
""
"Footnotes:"
"Values include GST. From 1 September 1989, consents below $5,000 are excluded."
"Floor areas are for new buildings only and are imputed when they are not included on consents."
"Non-building construction is works that require building consents but are not buildings, such as retaining walls and swimming pools. Many civil engineering works, such as roads, require resource consents but not building consents, so are excluded."
"Territorial authority areas are as at 2025."
"Each dwelling in a housing project or apartment block is counted separately."
"For staged consents, values are recorded at each stage but floor areas and unit counts are normally recorded at the largest stage."
"Residential alterations includes relocated dwellings, and new domestic outbuildings such as garages and sheds on residential sections."
" "
"Symbols:"
".. figure not available"
"C: Confidential"
"E: Early Estimate"
"P: Provisional"
"R: Revised"
"S: Suppressed"
""
"Status flags are not displayed"
""
"Table reference: "
"BLD126AA"
""
"Last updated:"
"Number: 02 July 2026 10:45am"
""
"Source: Statistics New Zealand"
"Contact: Information Centre"
"Telephone: 0508 525 525"
"Email:info@stats.govt.nz"
""
""
""
